hash,ref_name,version,C++,C/C++ Header,Python,reStructuredText,XML,TypeScript,SVG,Bourne Shell,JSON,YAML,CMake,HTML,Cython,JavaScript,C,Bourne Again Shell,Sass,Java,Assembly,Perl,Markdown,INI,make,Maven,awk,CSS,Ant,Lua,Windows Message File,SWIG,Dockerfile,D,SUM
204c175eea3db5d9ef262234454cde4f3527e4f8,refs/tags/v0.1,0.1,934006,346270,149685,94709,82364,60270,52619,48085,41188,28557,14590,12069,10812,9111,14894,3500,1929,1590,1073,3811,829,788,884,136,95,216,65,60,29,26,3,1,1915055
007313fe84470c04cd41eb91d87e758c7d00e771,refs/tags/v0.10,0.10,956291,355779,149685,94709,82364,60270,52619,48780,41188,28557,14590,12069,10812,9111,25618,3520,1929,1590,1073,3902,829,788,1135,136,95,216,65,60,29,26,3,1,1961459
9fa6f5e7d09d17e87596e76819df2b51573a45ea,refs/tags/v0.11,0.11,956396,355752,149685,94709,82364,60270,52619,48819,41188,28557,14590,12069,10812,9111,25661,3520,1929,2262,1073,3902,829,788,1136,136,95,216,65,60,29,26,3,1,1962288
f524150822a2d6efb0880b85e21f50854869ff0a,refs/tags/v0.12,0.12,956569,355953,149685,94709,82364,60270,52619,48819,41188,28557,14590,12069,10812,9111,25895,3520,1929,2270,1073,3902,829,788,1141,136,95,216,65,60,29,26,3,1,1962923
2b32297267d239c5e8dbfb277d741fd2d77eb1c7,refs/tags/v0.13,0.13,959925,357446,149685,94709,82364,60270,52619,48855,41188,28557,14590,12069,10812,9111,25745,3520,1929,2331,1073,3902,829,788,1169,136,95,216,65,60,29,26,3,1,1967756
1d647dd95b0aa368a681347da54f23ceccef6119,refs/tags/v0.14,0.14,960482,358716,149685,94709,82364,60270,52619,48849,41188,28557,14590,12107,10812,9111,26817,3520,1929,2323,1073,3902,829,788,1218,136,95,216,65,60,29,26,3,1,1967989
8cb58c1a71a8f3d78917b8fd331adca384529f61,refs/tags/v0.15,0.15,960666,358905,149685,94709,82364,60270,52619,48866,41188,28557,14590,12140,10812,9111,27048,3520,1929,2321,1073,3904,829,788,1222,136,95,216,65,60,29,26,3,1,1968645
33664231068bf3e1ff921be9d84810af34f9b273,refs/tags/v0.16,0.16,961062,358853,149685,94709,82364,60270,52619,48875,41188,28557,14590,12140,10812,9111,27470,3520,1929,2321,1073,3904,829,788,1234,136,95,216,65,60,29,26,3,1,1969453
2fa58e09619a7a9b160ea80df63df69c1425eb70,refs/tags/v0.16.1,0.16.1,961072,358857,149685,94709,82364,60270,52619,48877,41188,28557,14590,12140,10812,9111,27472,3520,1929,2321,1073,3904,829,788,1235,136,95,216,65,60,29,26,3,1,1969472
11576b61b6265225d0be2d373fbf06799f4da0a1,refs/tags/v0.17,0.17,961486,356894,149685,94709,82364,60270,52619,48683,41188,28557,14590,12140,10812,9111,12658,3520,1929,2401,1073,3925,829,788,1155,136,95,216,65,60,29,26,3,1,1954227
5d7fca58233be34fe0cb87e5affb7a7434f8ad81,refs/tags/v0.18,0.18,925649,336179,149685,94709,82364,60270,52619,48780,41188,28557,14590,12082,10812,9111,12235,3520,1929,2912,1073,3180,829,788,1018,136,95,216,65,60,29,26,3,1,1897868
158af1b4bc435dacaf9fbe9a56433d7b23cfa5c9,refs/tags/v0.19,0.19,925938,337000,149685,94709,82364,60270,52619,48819,41188,28557,14590,12082,10812,9111,12364,3520,1929,2912,1073,3180,829,788,1024,136,95,216,65,60,29,26,3,1,1899152
c74087a91df7681d778ec6672541f2c532c4831d,refs/tags/v0.19.1,0.19.1,925938,337000,149685,94709,82364,60270,52619,48922,41188,28557,14590,12082,10812,9111,12364,3520,1929,2912,1073,3180,829,788,1025,136,95,216,65,60,29,26,3,1,1899256
2b5f76f48e9188eaff3e092ce6b8020741da12d3,refs/tags/v0.2,0.2,937425,347927,149685,94709,82364,60270,52619,48194,41188,28557,14590,12069,10812,9111,17807,3500,1929,1590,1073,4018,829,788,993,136,95,216,65,60,29,26,3,1,1923844
dc02f9b8a73192b0155fbc9ff25411851be36de8,refs/tags/v0.20,0.20,928426,338217,149685,94709,82364,60270,52619,48997,41188,28557,14590,12082,10812,9111,12411,3520,1929,2912,1073,3188,829,788,1044,136,95,216,65,60,29,26,3,1,1903135
7799854d9d3aedcfcb6310d39e428a339ff2080c,refs/tags/v0.20.1,0.20.1,928460,338218,149685,94709,82364,60270,52619,49004,41188,28557,14590,12082,10812,9111,12411,3520,1929,2912,1073,3188,829,788,1044,136,95,216,65,60,29,26,3,1,1903177
6bc728d6ecde72310d1bc8300dc6f9e9427cecbd,refs/tags/v0.20.2,0.20.2,928491,338204,149685,94709,82364,60270,52619,49004,41188,28557,14590,12082,10812,9111,12411,3520,1929,2912,1073,3188,829,788,1044,136,95,216,65,60,29,26,3,1,1903194
7cb4e1a5b16caaf665ccc7760ee2774b5b742dce,refs/tags/v0.21,0.21,932261,339024,149685,94709,82364,60270,52619,49114,41188,28557,14590,12082,10812,9111,12462,3525,1929,2912,1073,3187,829,788,1054,136,95,216,65,60,29,26,3,1,1907263
3f6cb5e1f75e61f26d6168fbece2741e858c43bd,refs/tags/v0.21.1,0.21.1,932265,339026,149685,94709,82364,60270,52619,49130,41188,28557,14590,12082,10812,9111,12462,3525,1929,2912,1073,3187,829,788,1055,136,95,216,65,60,29,26,3,1,1907286
791e0b621d0376b5d3e6f9c5bfd760cefbcecbef,refs/tags/v0.21.2,0.21.2,932337,339037,149685,94709,82364,60270,52619,49133,41188,28557,14590,12082,10812,9111,12465,3525,1929,2912,1073,3187,829,788,1056,136,95,216,65,60,29,26,3,1,1907376
bf0f4000acfd15bbd6b9c7bf8a2e5118abf2b998,refs/tags/v0.21.3,0.21.3,932528,339096,149685,94709,82364,60270,52619,49135,41188,28557,14590,12082,10812,9111,12467,3525,1929,2912,1073,3187,829,788,1056,136,95,216,65,60,29,26,3,1,1907630
e2f4113e3840fbc403079256eed7ed84a18bdb64,refs/tags/v0.22,0.22,934393,340454,149685,94709,82364,60270,52619,49557,41188,28557,14590,12082,10812,9111,12515,3525,1929,2912,1073,3187,829,788,1075,136,95,216,65,60,29,26,3,1,1911361
674d24a88b3e7e16901e0f2d58925e7c73780a75,refs/tags/v0.22.1,0.22.1,934860,340473,149685,94709,82364,60270,52619,49573,41188,28557,14590,12082,10812,9111,12515,3525,1929,2912,1073,3187,829,788,1080,136,95,216,65,60,29,26,3,1,1911868
2788ea9bce1e125b49c1612968304b511b437d2e,refs/tags/v0.22.2,0.22.2,934905,340474,149685,94709,82364,60270,52619,49573,41188,28557,14590,12082,10812,9111,12515,3525,1929,2912,1073,3187,829,788,1080,136,95,216,65,60,29,26,3,1,1911914
730bd60d1321feeec1638f9b83f2b462aad17e9a,refs/tags/v0.23,0.23,937698,341016,149685,94709,82364,60270,54027,49839,41188,28557,14590,12082,10812,9111,12704,3525,1929,2912,1073,3187,829,788,1127,136,95,216,65,60,29,26,3,1,1920914
35d84cb4b6da4a1cf12fb1fea3b28541e5fb95c9,refs/tags/v0.23.1,0.23.1,937733,340988,149685,94709,82364,60270,54027,49839,41188,28557,14590,12082,10812,9111,12704,3525,1929,2912,1073,3187,829,788,1127,136,95,216,65,60,29,26,3,1,1920921
a1ab04613b67ac14caf438a272cd5826a835d60f,refs/tags/v0.23.2,0.23.2,937719,340988,149685,94709,82364,60270,54027,49832,41188,28557,14590,12082,10812,9111,12704,3525,1929,2912,1073,3187,829,788,1136,136,95,216,65,60,29,26,3,1,1920909
741eedbec11bbe11fa163fbe1c72af7e178a73cf,refs/tags/v0.24,0.24,939505,341799,149685,94709,82364,60270,54027,50027,41188,28557,14590,12082,10812,9111,12680,3525,1929,2912,1073,3215,829,788,1149,136,95,216,65,60,29,26,3,1,1923723
18f8a58dce49ae562a917775bbb17f57ecdc31fb,refs/tags/v0.24.1,0.24.1,939548,341799,149685,94709,82364,60270,54027,50027,41188,28557,14590,12082,10812,9111,12680,3525,1929,2912,1073,3215,829,788,1149,136,95,216,65,60,29,26,3,1,1923766
9e614c461ca712c43c17961aaffe93b35f310d74,refs/tags/v0.24.2,0.24.2,939725,341857,149685,94709,82364,60270,54027,50027,41188,28557,14590,12082,10812,9111,12680,3525,1929,2912,1073,3215,829,788,1151,136,95,216,65,60,29,26,3,1,1924004
7c9ca21c8d896c7bf87b854c244604bcbe7fc9e8,refs/tags/v0.24.3,0.24.3,939775,341958,149685,94709,82364,60270,54027,50027,41188,28557,14590,12082,10812,9111,12684,3525,1929,2912,1073,3215,829,788,1152,136,95,216,65,60,29,26,3,1,1924160
abecadbd522a269836b6c5c9da85ddccfb3b8e68,refs/tags/v0.25,0.25,960095,356020,154201,94709,82726,60270,54027,50489,41188,28557,14798,12023,10812,9111,13223,3525,1929,2912,1073,3203,829,788,1557,136,95,89,65,60,29,26,3,1,1966745
e8fbc7563bdc1fbb82d35f3c30192f010f45a2df,refs/tags/v0.25.1,0.25.1,960143,356022,154201,94709,82726,60270,54027,50493,41188,28557,14798,12023,10812,9111,13223,3525,1929,2912,1073,3203,829,788,1560,136,95,89,65,60,29,26,3,1,1966802
c64128f757096e22f2f1484d935f8312062e37ab,refs/tags/v0.25.2,0.25.2,960146,356022,154201,94709,82726,60270,54027,50493,41188,28557,14798,12023,10812,9111,13223,3525,1929,2912,1073,3203,829,788,1560,136,95,89,65,60,29,26,3,1,1966805
bd4e047685f36dee93e7ff382dba8aa865f3f11c,refs/tags/v0.26,0.26,963075,356958,155045,94709,82726,60270,54027,50516,41188,28557,14798,12023,10812,9111,13467,3527,1929,2912,1073,3203,829,788,1644,136,95,89,65,60,29,26,3,1,1971940
f5dd7f7c80fac84f40d6a98093b994b440ee23b5,refs/tags/v0.27,0.27,954330,352474,155153,94709,82726,60270,54027,50496,41188,28557,14798,12023,10812,9111,12636,3527,1929,2912,1073,3198,829,788,1652,136,95,89,65,60,29,26,3,1,1957970
546f5dd7079474baf548849744f69fb228015ce5,refs/tags/v0.27.1,0.27.1,954411,352483,155153,94709,82726,60270,54027,50499,41188,28557,14798,12023,10812,9111,12636,3527,1929,2912,1073,3198,829,788,1652,136,95,89,65,60,29,26,3,1,1958063
e9df75f679deb1e016d1b852ad0700e00cffccbb,refs/tags/v0.28,0.28,956837,352666,155715,94709,82726,60270,54027,50356,41188,28557,14798,12023,10812,9111,12692,3527,1929,3051,1073,3198,829,788,1657,136,95,89,65,60,29,26,3,1,1961309
8dcc2dfd3cdbc1c4deced19e5f74e65ac7efb715,refs/tags/v0.28.1,0.28.1,957111,352698,155715,94709,82726,60270,54027,50356,41188,28557,14798,12023,10812,9111,12692,3527,1929,3051,1073,3198,829,788,1657,136,95,89,65,60,29,26,3,1,1961615
fb7b808363414871c8f948885085d0fec82f5198,refs/tags/v0.28.2,0.28.2,957152,352699,155715,94709,82726,60270,54027,50356,41188,28557,14798,12023,10812,9111,12692,3527,1929,3051,1073,3198,829,788,1657,136,95,89,65,60,29,26,3,1,1961657
40073b7d29664468a9d5b05f55c7e798268e3642,refs/tags/v0.29,0.29,958582,352823,156217,94709,82726,60270,54027,50348,41188,28557,14798,12023,10812,9111,13155,3527,1929,3051,1073,3198,829,788,1680,136,95,89,65,60,29,26,3,1,1964191
3a1da5ddd38d773d60ff082e09d4805b61d5265e,refs/tags/v0.29.1,0.29.1,958615,352823,156217,94709,82726,60270,54027,50348,41188,28557,14798,12023,10812,9111,13155,3527,1929,3051,1073,3198,829,788,1680,136,95,89,65,60,29,26,3,1,1964224
2e986fe9ddf1ceffc2056bf6d8ee7f49fbebeaf0,refs/tags/v0.3,0.3,940003,348935,149685,94709,82364,60270,52619,48267,41188,28557,14590,12069,10812,9111,18818,3500,1929,1590,1073,4018,829,788,970,136,95,216,65,60,29,26,3,1,1928141
51c53ae8a3b0a5c8b5e43bc14903f744188aa42c,refs/tags/v0.30,0.30,961106,353526,156244,94709,82726,60270,54027,50513,41188,28557,14798,12023,10812,9111,13352,3527,1929,3051,1073,3198,829,788,1731,136,95,89,65,60,29,26,3,1,1967868
3247543761fa37e1d133695436fc456293cbc8c9,refs/tags/v0.31,0.31,962476,353777,156244,94709,82726,60270,54027,50534,41188,28557,14798,12023,10812,9111,13522,3527,1929,3051,1073,3198,829,788,1758,136,95,89,65,60,29,26,3,1,1969707
7e5018f72cdaa8132e9a00041149b1cb60847560,refs/tags/v0.32,0.32,965688,354525,156271,94709,82726,60270,54027,50431,41188,28557,14798,12023,10812,9111,13612,3527,1929,3051,1073,3198,829,788,1811,136,95,89,65,60,29,26,3,1,1973735
ea8a1eeed2e87ac9a49a00e4cceb02cb18780564,refs/tags/v0.33,0.33,967522,354922,156317,94709,82726,60270,54027,50452,41188,28557,14798,12023,10812,9111,14407,3527,1929,3051,1073,3198,829,788,1857,136,95,89,65,60,29,26,3,1,1976874
e26ee576ec61a5c09add466b21df5607be0adb7f,refs/tags/v0.34,0.34,972410,353942,156321,94709,82726,60270,54027,50476,41188,28557,14798,12023,10812,9111,14438,3527,1929,3051,1073,3198,829,788,1923,136,95,89,65,60,29,26,3,1,1980907
f81483170f4bdcee46ff19cf60600d1a3fbbffb9,refs/tags/v0.35,0.35,977012,354863,156406,96375,82726,60270,54027,50586,41188,28557,14798,12033,10812,9111,13806,3527,1929,3051,1073,3198,829,788,1959,136,95,89,65,60,29,26,3,1,1987705
bb99528e7586567071f90a1fcda36d2387b24c57,refs/tags/v0.36,0.36,977123,354869,156406,96568,82726,60270,54027,50600,41188,28557,14798,12034,10812,9111,13806,3527,1929,3051,1073,3198,829,788,1962,136,95,89,65,60,29,26,3,1,1988033
30bfea53ad0d98372ecf7e6e36ff12156df7ae59,refs/tags/v0.37,0.37,978357,355408,156886,96627,82726,60270,54027,50609,41188,28557,14798,12034,10812,9111,13815,3527,1929,3051,1073,3198,829,788,1973,136,95,89,65,60,29,26,3,1,1990377
6d7f17f6a72f0896724d75debdc73c369b823d03,refs/tags/v0.38,0.38,980710,356610,156909,96614,82726,60270,54027,50620,41188,28557,14798,12109,10812,9111,13815,3527,1929,3011,1073,3198,829,788,1989,136,95,89,65,60,29,26,3,1,1994004
6e0d97d7267e1ebe6771921cdba806d6460cda1b,refs/tags/v0.39,0.39,982228,357068,156842,96620,82726,60270,54027,50654,41188,28557,14798,12109,10812,9111,14047,3500,1929,2817,1073,3198,829,788,2017,136,95,89,65,60,29,26,3,1,1995927
13b1bf7c492003ba2dfa2786ba9ae728a2bfe65f,refs/tags/v0.4,0.4,944331,349996,149685,94709,82364,60270,52619,48334,41188,28557,14590,12069,10812,9111,21563,3500,1929,1590,1073,4041,829,788,944,136,95,216,65,60,29,26,3,1,1936339
80558babc57b99812854ea1236d8ee52bfe889eb,refs/tags/v0.40,0.40,983213,357338,157272,97454,82726,60270,54027,52989,41188,28557,14798,12034,10812,9111,14113,3500,1929,2817,1073,3198,829,788,2041,136,95,89,65,60,29,26,3,1,2001115
847db5a94bb5d9ce10eaab2bbf898ddc8c91c11f,refs/tags/v0.41,0.41,983879,357748,157284,97454,82726,60270,54027,52873,41188,28557,14798,12034,10812,9111,14113,3500,1929,2817,1073,3198,829,788,2049,136,95,89,65,60,29,26,3,1,2002095
311dd1906046891ee21c5c82f61399dddd1b1e7a,refs/tags/v0.42,0.42,987101,356421,157329,97460,82726,60270,54027,53027,41188,28557,14798,12034,10812,9111,14073,3500,1929,2817,1073,3198,829,788,2061,136,95,89,65,60,29,26,3,1,2004179
9036bc69eb18fe4f437e560ab9e8334ff675bb93,refs/tags/v0.42.1,0.42.1,987101,356421,157329,97512,82726,60270,54027,53027,41188,28557,14798,12034,10812,9111,14073,3500,1929,2817,1073,3198,829,788,2062,136,95,89,65,60,29,26,3,1,2004232
04d7bf3792bc71c0bf7d5bb11e08979bcb15ed16,refs/tags/v0.42.2,0.42.2,987122,356426,157329,97512,82726,60270,54027,53027,41188,28557,14798,12034,10812,9111,14073,3500,1929,2817,1073,3198,829,788,2062,136,95,89,65,60,29,26,3,1,2004258
a675bddaa9aefa656d64821f66f035e1e420bf59,refs/tags/v0.43,0.43,988691,357721,157348,97515,82726,60270,54027,53029,41188,28557,14798,12034,10812,9111,14074,3500,1929,2817,1073,3198,829,788,2083,136,95,89,65,60,29,26,3,1,2007168
c05f03ad1949ac23798cd7b3298aee0bbc6c4a08,refs/tags/v0.44,0.44,993598,359592,157348,97922,82726,60270,54027,53038,41188,28557,14798,12034,10812,9111,14074,3500,1929,2817,1073,3198,829,788,2116,136,95,89,65,60,29,26,3,1,2014401
6bc6a4a16840a61f8a1652be7a7fa1902c011478,refs/tags/v0.44.1,0.44.1,993625,359592,157348,97922,82726,60270,54027,53038,41188,28557,14798,12034,10812,9111,14074,3500,1929,2817,1073,3198,829,788,2119,136,95,89,65,60,29,26,3,1,2014431
2c29437dc1497094caf2eafaf5b5d13b70d8bc92,refs/tags/v0.44.2,0.44.2,993633,359593,157348,97922,82726,60270,54027,53038,41188,28557,14798,12034,10812,9111,14074,3500,1929,2817,1073,3198,829,788,2119,136,95,89,65,60,29,26,3,1,2014440
627bfaa8d9924cce200276286d1fdcd2c55b7860,refs/tags/v0.45,0.45,993709,360330,157348,98034,82726,60270,54027,53031,41188,28557,14798,12034,10812,9111,14074,3500,1929,2817,1073,3198,829,788,2146,136,95,89,65,60,29,26,3,1,2015396
1f7f6dbf5ee7ff3142a3e3ed29545cb0f06ee911,refs/tags/v0.46,0.46,995656,360733,157386,98039,82726,60270,54027,53469,41188,28557,14798,12034,10812,9111,15230,3500,1929,2817,1073,3198,829,788,2187,136,95,89,65,60,29,26,3,1,2019424
0dccac6ba5e34b108ce4ead94f90dd9ff7df8140,refs/tags/v0.47,0.47,998114,360548,157392,99363,82726,60270,80891,53509,41188,28557,14798,12034,10812,9111,15174,3500,1929,2817,1073,3198,829,788,2203,136,95,89,65,60,29,26,3,1,2049907
2ca7a50369047695896249d5fb1a3a2beb8ff9d3,refs/tags/v0.47.1,0.47.1,998122,360548,157392,99363,82726,60270,80891,53509,41188,28557,14798,12034,10812,9111,15174,3500,1929,2817,1073,3198,829,788,2203,136,95,89,65,60,29,26,3,1,2049915
3a5d2b92d6a7a4c8d7680ca5f9156440e1c2858a,refs/tags/v0.47.2,0.47.2,998120,360548,157392,99363,82726,60270,80891,53509,41188,28557,14798,12034,10812,9111,15174,3500,1929,2817,1073,3198,829,788,2198,136,95,89,65,60,29,26,3,1,2049908
161c3a21dfefce0f59b3d115c830f5d235e2b49f,refs/tags/v0.47.3,0.47.3,998122,360548,157392,99363,82726,60270,80891,53509,41188,28557,14798,12034,10812,9111,15174,3500,1929,2817,1073,3198,829,788,2198,136,95,89,65,60,29,26,3,1,2049910
33767caf949fb30e05ea9902b72fa184aafb6f82,refs/tags/v0.48.1argonaut,0.48.1argonaut,1001776,361133,157844,101054,82726,60270,96555,53531,41188,28557,14798,12034,10812,9111,15259,3500,1929,2817,1073,3198,829,788,2175,136,95,89,65,60,29,26,3,1,2068283
d2f10a6d55f3c42fcb0e7e26f0bf5719ec8129aa,refs/tags/v0.48.2argonaut,0.48.2argonaut,1001872,361134,158149,101054,82726,60270,96555,53531,41188,28557,14798,12034,10812,9111,15259,3500,1929,2817,1073,3198,829,788,2178,136,95,89,65,60,29,26,3,1,2068688
895ebe5bcf9154fe59b6f8b265764cb00eff2428,refs/tags/v0.48.3argonaut,0.48.3argonaut,1001944,361166,158435,101054,82726,60270,96555,53531,41188,28557,14798,12034,10812,9111,15260,3500,1929,2817,1073,3198,829,788,2178,136,95,89,65,60,29,26,3,1,2069083
402a0f180b64de8dd0da7a5507ab442980213479,refs/tags/v0.48argonaut,0.48argonaut,1001061,361050,157844,101054,82726,60270,96555,53478,41188,28557,14798,12034,10812,9111,15256,3500,1929,2817,1073,3198,829,788,2180,136,95,89,65,60,29,26,3,1,2067434
dc4fbf2423b8a4e318aaacc7d931432d6e4fc452,refs/tags/v0.49,0.49,1002531,361270,157958,102321,82726,60270,96555,53531,41188,28557,14798,12034,10812,9111,15256,3500,1929,2817,1073,3198,829,788,2181,136,95,89,65,60,29,26,3,1,2070559
1dd420957f9ba0e3991512a4627748bf38592d53,refs/tags/v0.5,0.5,945805,350788,149685,94709,82364,60270,52619,48594,41188,28557,14590,12069,10812,9111,22530,3500,1929,1590,1073,3834,829,788,948,136,95,216,65,60,29,26,3,1,1939644
9e93c18220c8366d8baa36c1d15f5ba2128c9dfd,refs/tags/v0.50,0.50,1004316,362222,158052,102997,82726,60270,96555,53611,41188,28557,14798,12034,10812,9111,15301,3500,1929,2817,1073,3198,829,788,2184,136,95,89,65,60,29,26,3,1,2074194
b58a402674b72be4e9b1dadaa05dc50899246ba6,refs/tags/v0.51,0.51,1007340,362839,158066,103257,82726,60270,96555,53642,41188,28557,14798,12034,10812,9111,15129,3500,1929,2817,1073,3198,829,788,2210,136,95,89,65,60,29,26,3,1,2077990
f4dbe6e872670f52b03916fe3f856d82b4bb6f7d,refs/tags/v0.52,0.52,1010051,363708,158496,103473,82726,60270,96555,53713,41188,28557,14798,12034,10812,9111,15271,3533,1929,2817,1073,3198,829,788,2235,136,95,89,65,60,29,26,3,1,2082487
b6e291591193809c4143482b675b8c45ba5dc2b6,refs/tags/v0.53,0.53,1017112,365629,156820,105073,82726,60270,96555,53816,41188,28557,14798,12034,10812,9111,15273,3533,1929,2817,1073,3755,829,788,2297,136,95,89,65,60,29,26,3,1,2092124
1a01b0468da32baa070ebc6482e2873d2224bc9d,refs/tags/v0.54,0.54,1018603,366107,157166,105531,82726,60270,96555,53855,41188,28557,14798,12034,10812,9111,15276,3533,1929,2817,1073,4703,829,788,2314,136,95,89,65,60,29,26,3,1,2095904
24844975346a121879351e5a9280a89cada4b0b1,refs/tags/v0.55,0.55,1028739,368342,157206,106634,82726,60270,96555,54501,41188,28557,14798,12034,10812,9111,15345,3533,1929,3775,1073,4809,829,788,2450,136,95,89,130,60,29,26,3,1,2111485
c37d57f905ca0e810d6e23e8af1103aa9aa121f7,refs/tags/v0.55.1,0.55.1,1028770,368342,157206,106637,82726,60270,96555,54516,41188,28557,14798,12034,10812,9111,15345,3533,1929,3775,1073,4809,829,788,2450,136,95,89,130,60,29,26,3,1,2111534
62c46c5bf50a656f57b636d79f14ad3c89d78207,refs/tags/v0.56,0.56,1030613,368696,157256,107715,82726,60270,52621,54716,41188,28557,14798,12034,10812,9111,15342,3533,1929,3761,1073,5030,829,788,2497,136,95,89,130,60,29,26,3,1,2071381
3409a6c381c294b2f06e5a05fe81d2e4d25a73d8,refs/tags/v0.56.1,0.56.1,1030699,368700,157256,107715,82726,60270,52621,54716,41188,28557,14798,12034,10812,9111,15342,3533,1929,3761,1073,5030,829,788,2497,136,95,89,130,60,29,26,3,1,2071471
cea7d20dc448d63595e6cba29c20051d782d116d,refs/tags/v0.56.2,0.56.2,1031176,369025,157256,107748,82726,60270,52621,54690,41188,28557,14798,12034,10812,9111,15342,3533,1929,3761,1073,5030,829,788,2497,136,95,89,130,60,29,26,3,1,2072280
ef843051bae8e97e76ac8b9711028a1e8c7666e0,refs/tags/v0.56.3,0.56.3,1031653,369066,157256,107748,82726,60270,52621,54743,41188,28557,14798,12034,10812,9111,15342,3533,1929,3765,1073,5030,829,788,2497,136,95,89,130,60,29,26,3,1,2072855
c5f3d3c34ffaa0012fc22a1f133143fe44414f6d,refs/tags/v0.56.4,0.56.4,1031997,369047,157256,107748,82726,60270,52621,54757,41188,28557,14798,12034,10812,9111,15342,3533,1929,3765,1073,5030,829,788,2497,136,95,89,130,60,29,26,3,1,2073194
da1729ae94c4c44c5bb58fa98eba416e7a389379,refs/tags/v0.56.5,0.56.5,1032381,369199,157914,107753,82726,60270,52621,54833,41188,28557,14798,12034,10812,9111,15349,3533,1929,3765,1073,5030,829,788,2504,136,95,89,130,60,29,26,3,1,2074483
5859a754b087cdc35d718683d061c6686e39c418,refs/tags/v0.56.6,0.56.6,1032382,369200,157914,107753,82726,60270,52621,54833,41188,28557,14798,12034,10812,9111,15349,3533,1929,3765,1073,5030,829,788,2504,136,95,89,130,60,29,26,3,1,2074485
d9826cd251b45c80849fa1cfb8e51249641409ae,refs/tags/v0.56.7,0.56.7,1032504,369227,158000,107753,82726,60270,52621,54857,41188,28557,14798,12034,10812,9111,15349,3533,1929,3765,1073,5030,829,788,2504,136,95,89,130,60,29,26,3,1,2074744
60607422b783060cb43e628ab5beebcfaeb81194,refs/tags/v0.57,0.57,1034716,369344,157271,108261,82726,60270,52621,55086,41188,28557,14798,12034,10812,9111,15947,3533,1929,4032,1073,5031,829,788,2516,136,95,89,130,60,29,26,3,1,2078230
960cad0026398107eda34f642dd0e699c06d5296,refs/tags/v0.58,0.58,1040059,368601,157746,108767,82726,60270,52621,55243,41188,28557,14798,12034,10812,9111,15907,3533,1929,4032,1073,5135,829,788,2538,136,95,89,130,60,29,26,3,1,2084054
f10166fc08bde1e90ad68ed217a426fddd8693c7,refs/tags/v0.59,0.59,1042621,370186,157830,109430,82726,60270,52621,55343,41188,28557,14798,12034,10812,9111,16038,3533,1929,4032,1073,5135,829,788,2552,136,95,89,130,60,29,26,3,1,2089189
a4c752df71356c152d68258a7338b455abce6dc8,refs/tags/v0.6,0.6,948378,352311,149685,94709,82364,60270,52619,48685,41188,28557,14590,12069,10812,9111,23332,3500,1929,1590,1073,3834,829,788,966,136,95,216,65,60,29,26,3,1,1947422
a4be58ac89b415dfd34e4d07f0cf76d7acfef8ad,refs/tags/v0.60,0.60,1045450,371276,158312,109822,82726,60270,52621,55319,41188,28557,14798,12034,10812,9111,15804,3533,1929,4032,1073,5135,829,788,2569,136,95,89,130,60,29,26,3,1,2093741
3d27554783a44b6ee53fdb714202501904ef0e82,refs/tags/v0.61,0.61,1054411,373223,158814,110826,82726,60270,52621,55936,41188,28557,14798,12034,10812,9111,15804,3592,1929,4051,1073,5135,829,788,2635,136,95,89,130,60,29,26,3,1,2106925
50b3c76ee980a096e90a8a99a84b3c4c9564a04e,refs/tags/v0.61.1,0.61.1,1054425,373253,158822,110826,82726,60270,52621,55936,41188,28557,14798,12034,10812,9111,15804,3592,1929,4051,1073,5135,829,788,2635,136,95,89,130,60,29,26,3,1,2106977
76c2c31f9b5dd4493669cd60db4632110997d7c5,refs/tags/v0.61.2,0.61.2,1054440,373254,158822,110826,82726,60270,52621,55936,41188,28557,14798,12034,10812,9111,15804,3592,1929,4051,1073,5135,829,788,2635,136,95,89,130,60,29,26,3,1,2106993
0f5a9a8fe2e262147ec85757d081890b6563733b,refs/tags/v0.61.3,0.61.3,1054676,373296,158902,110826,82726,60270,52621,55937,41188,28557,14798,12034,10812,9111,15804,3592,1929,4051,1073,5135,829,788,2638,136,95,89,130,60,29,26,3,1,2107355
93ead0066cac4e446d414e4e58e92322573abea5,refs/tags/v0.61.4,0.61.4,1054714,373289,159099,110826,82726,60270,52621,55944,41188,28557,14798,12034,10812,9111,15804,3592,1929,4051,1073,5135,829,788,2633,136,95,89,130,60,29,26,3,1,2107585
30bb4cdf087a36b452172d0b1ac08b14ae238caf,refs/tags/v0.61.5,0.61.5,1054972,373436,159091,110826,82726,60270,52621,55944,41188,28557,14798,12034,10812,9111,15804,3592,1929,4051,1073,5135,829,788,2634,136,95,89,130,60,29,26,3,1,2107983
0c3cd9e13d465bbc0059ebebbf5ba33cf154b250,refs/tags/v0.61.6,0.61.6,1054999,373436,159091,110826,82726,60270,52621,55944,41188,28557,14798,12034,10812,9111,15804,3592,1929,4051,1073,5135,829,788,2634,136,95,89,130,60,29,26,3,1,2108010
5a1a43ea90502b216010e6babf03f73a189be0df,refs/tags/v0.61.7,0.61.7,1055051,373436,159097,110826,82726,60270,52621,55944,41188,28557,14798,12034,10812,9111,15804,3592,1929,4051,1073,5135,829,788,2634,136,95,89,130,60,29,26,3,1,2108068
26fd62c90b19457b34078e071f820ecfd71e13c6,refs/tags/v0.61.8,0.61.8,1055346,373453,159105,110826,82726,60270,52621,55944,41188,28557,14798,12034,10812,9111,15804,3592,1929,4051,1073,5135,829,788,2634,136,95,89,130,60,29,26,3,1,2108388
8f4b8ebe7a43d29ea25f887f56fcaa6d88316f0b,refs/tags/v0.61.9,0.61.9,1055413,373465,159113,110826,82726,60270,52621,55968,41188,28557,14798,12034,10812,9111,15804,3600,1929,4051,1073,5135,829,788,2634,136,95,89,130,60,29,26,3,1,2108507
6df471f35dadb51c3846641df3d6218b383c6388,refs/tags/v0.62,0.62,1054473,373267,158818,110867,82726,60270,52621,55936,41188,28557,14798,12034,10812,9111,15804,3592,1929,4051,1073,5135,829,788,2635,136,95,89,130,60,29,26,3,1,2107076
b0d8f7668e4027f60bf38bbfdad980dfa5f88d92,refs/tags/v0.63,0.63,1055156,373477,158818,112073,82726,60270,52621,56022,41188,28557,14798,12034,10812,9111,15802,3592,1929,4051,1073,5135,829,788,2637,136,95,89,130,60,29,26,3,1,2109261
1737cc2906ed7bcaa1a945c8d4e308f7ce792d1a,refs/tags/v0.64,0.64,1055677,373541,158964,112333,82726,60270,52621,56098,41188,28557,14798,12034,10812,9111,15801,3592,1929,4051,1073,5135,829,788,2649,136,95,89,130,60,29,26,3,1,2110339
698d2e51c955f43a0e3a16d26f085ad5bdb2f438,refs/tags/v0.65,0.65,1059711,374761,159867,112572,82726,60270,52621,56294,41188,28557,14798,12034,10812,9111,15801,3600,1929,4051,1073,5135,829,788,2686,136,95,89,130,60,29,26,3,1,2116976
b5f07961d0074c8acc5b96cb8e6931c61925fb36,refs/tags/v0.66,0.66,1060168,374819,159889,112705,82726,60270,52621,56301,41188,28557,14798,12034,10812,9111,15801,3600,1929,4051,1073,5135,829,788,2685,136,95,89,130,60,29,26,3,1,2117652
dce437a8b6ba98123cda291b66e77ac91f05ab8d,refs/tags/v0.67,0.67,1074309,378431,160677,113086,82726,60270,52621,56415,41188,28557,14798,12034,10812,9111,16387,3677,1929,4051,1073,5113,829,788,2826,136,95,89,130,60,29,26,3,1,2137474
993a52f3dd1fc51edf3a0b9754dfbac35e032422,refs/tags/v0.67-rc1,0.67-rc1,1073417,378320,160521,113076,82726,60270,52621,56353,41188,28557,14798,12034,10812,9111,16387,3677,1929,4051,1073,5135,829,788,2827,136,95,89,130,60,29,26,3,1,2136266
00320850ac67564159ae3ed480e2398bc13865c8,refs/tags/v0.67-rc2,0.67-rc2,1073636,378339,160544,113076,82726,60270,52621,56354,41188,28557,14798,12034,10812,9111,16387,3677,1929,4051,1073,5135,829,788,2827,136,95,89,130,60,29,26,3,1,2136528
9908d75685cc4e732312f57f74942167fe27562d,refs/tags/v0.67-rc3,0.67-rc3,1074168,378419,160620,113086,82726,60270,52621,56354,41188,28557,14798,12034,10812,9111,16387,3677,1929,4051,1073,5113,829,788,2826,136,95,89,130,60,29,26,3,1,2137203
8ca5e45a13e76d1c4d511e23d101651eb53ad89d,refs/tags/v0.67.1,0.67.1,1074305,378448,160712,113086,82726,60270,52621,56415,41188,28557,14798,12034,10812,9111,16387,3677,1929,4051,1073,5113,829,788,2826,136,95,89,130,60,29,26,3,1,2137522
69ea494d132d770d5ddd527d5282d1c1a0890d54,refs/tags/v0.67.10,0.67.10,1076291,378927,160914,113125,82726,60270,52621,56736,41188,28557,14798,12034,10812,9111,16391,3677,1929,4051,1073,5113,829,788,2847,136,95,89,130,60,29,26,3,1,2140574
73436ab648b143efaf15b5b679d5aacaf2007757,refs/tags/v0.67.11,0.67.11,1076328,378931,160948,113125,82726,60270,52621,56737,41188,28557,14798,12038,10812,9111,16391,3677,1929,4051,1073,5113,829,788,2847,136,95,89,130,60,29,26,3,1,2140654
547d87b2cd1c7a15192f06e70ae8f67a04e41bf0,refs/tags/v0.67.2,0.67.2,1074333,378462,160722,113086,82726,60270,52621,56415,41188,28557,14798,12034,10812,9111,16387,3677,1929,4051,1073,5113,829,788,2826,136,95,89,130,60,29,26,3,1,2137574
23214d236b177f9c74394005ff0b800a1d905407,refs/tags/v0.67.3,0.67.3,1074421,378487,160741,113125,82726,60270,52621,56415,41188,28557,14798,12034,10812,9111,16387,3677,1929,4051,1073,5113,829,788,2835,136,95,89,130,60,29,26,3,1,2137754
d1e5ccfd1249ada4a4bb41fe6fae46984fe70bb8,refs/tags/v0.67.4,0.67.4,1074564,378496,160740,113125,82726,60270,52621,56430,41188,28557,14798,12034,10812,9111,16391,3677,1929,4051,1073,5113,829,788,2835,136,95,89,130,60,29,26,3,1,2137924
f87a1b0d66717620035eb2fefc3b69ff97a45c0f,refs/tags/v0.67.5,0.67.5,1075041,378722,160749,113125,82726,60270,52621,56449,41188,28557,14798,12034,10812,9111,16391,3677,1929,4051,1073,5113,829,788,2838,136,95,89,130,60,29,26,3,1,2138658
8ef58e207cdee6561964b9afe2b4b3b427a6c8d6,refs/tags/v0.67.6,0.67.6,1075491,378762,160893,113125,82726,60270,52621,56486,41188,28557,14798,12034,10812,9111,16391,3677,1929,4051,1073,5113,829,788,2843,136,95,89,130,60,29,26,3,1,2139334
27ba7c315cb954fc8a844e78ed69e5b0999f70d5,refs/tags/v0.67.7,0.67.7,1075512,378763,160893,113125,82726,60270,52621,56661,41188,28557,14798,12034,10812,9111,16391,3677,1929,4051,1073,5113,829,788,2845,136,95,89,130,60,29,26,3,1,2139533
cfa42f3edad7140eecaec22cfc3033633fb2ca4d,refs/tags/v0.67.8,0.67.8,1075871,378857,160897,113125,82726,60270,52621,56676,41188,28557,14798,12034,10812,9111,16391,3677,1929,4051,1073,5113,829,788,2845,136,95,89,130,60,29,26,3,1,2140005
b2fbe80549b5b253da99c326aa502f6406d454e9,refs/tags/v0.67.9,0.67.9,1075934,378860,160897,113125,82726,60270,52621,56676,41188,28557,14798,12034,10812,9111,16391,3677,1929,4051,1073,5113,829,788,2845,136,95,89,130,60,29,26,3,1,2140071
5bc9da8facddf6c09143f9eddfb97b8b87422b66,refs/tags/v0.68,0.68,1075541,378742,161072,114799,82726,60270,52621,56430,41188,28557,14798,12034,10812,9111,18336,3679,1929,4051,1073,5113,829,788,2862,136,95,89,130,60,29,26,3,1,2143167
59b780fe63371cab49182af454b68fa3db556da2,refs/tags/v0.69,0.69,1076728,379377,161079,115110,82726,60270,52621,56538,41188,28557,14798,12034,10812,9111,18390,3679,1929,4051,1619,5113,829,788,2892,136,95,89,130,60,29,26,3,1,2146059
c46e1b320c6dd6523b0a215297299d3e08db3924,refs/tags/v0.7,0.7,949172,352769,149685,94709,82364,60270,52619,49040,41188,28557,14590,12069,10812,9111,23699,3520,1929,1590,1073,3898,829,788,1010,136,95,216,65,60,29,26,3,1,1949509
1bcccc3be635abbb04e7ef108ba31dce7d0db90a,refs/tags/v0.7.1,0.7.1,949110,352855,149685,94709,82364,60270,52619,48969,41188,28557,14590,12069,10812,9111,23915,3520,1929,1590,1073,3898,829,788,1029,136,95,216,65,60,29,26,3,1,1949698
c58174072ddedc27da3a36b30ff7b467e8652356,refs/tags/v0.7.2,0.7.2,950069,353103,149685,94709,82364,60270,52619,48972,41188,28557,14590,12069,10812,9111,24258,3520,1929,1590,1073,3901,829,788,1035,136,95,216,65,60,29,26,3,1,1951263
be072bef3ee98070c97dffe83568f9faaaa2a3bc,refs/tags/v0.7.3,0.7.3,950426,353548,149685,94709,82364,60270,52619,49018,41188,28557,14590,12069,10812,9111,25289,3520,1929,1590,1073,3902,829,788,1037,136,95,216,65,60,29,26,3,1,1953145
39a27770f7ed3785ffbeb1eaeb32897c0090fcc8,refs/tags/v0.70,0.70,1076856,379361,161097,115110,82726,60270,52621,56587,41188,28557,14798,12034,10812,9111,18400,3679,1929,4051,1619,5113,829,788,2892,136,95,89,130,60,29,26,3,1,2146248
d79e585e99d27ed246a0b0bd0f3276014492bb65,refs/tags/v0.71,0.71,1080047,380655,161983,115185,82726,60270,52621,56690,41188,28557,14798,11962,10812,9111,22836,3679,1929,2797,1619,5113,829,788,3113,136,95,89,130,60,29,26,3,1,2152995
4744fb8e1e08dba9def79fdc37371bc12192701a,refs/tags/v0.72,0.72,1081854,381352,161999,115429,82726,60270,52621,56735,41188,28557,14798,11962,10812,9111,22894,3679,1929,2797,2146,5113,829,788,3122,136,95,89,130,60,29,26,3,1,2156398
dba7f7235083140e3f70ca02918da213900f426a,refs/tags/v0.72-rc1,0.72-rc1,1081781,381315,161999,115424,82726,60270,52621,56735,41188,28557,14798,11962,10812,9111,22894,3679,1929,2797,2146,5113,829,788,3122,136,95,89,130,60,29,26,3,1,2156283
614e603955240b4dcf33f53e186010d813d9a6fa,refs/tags/v0.72.1,0.72.1,1082086,381352,161999,115429,82726,60270,52621,56735,41188,28557,14798,11962,10812,9111,22894,3679,1929,2797,2146,5113,829,788,3128,136,95,89,130,60,29,26,3,1,2156636
e5f106abb4b26e8c115649da84c8a71252ad919e,refs/tags/v0.72.2,0.72.2,1082118,381356,162014,115429,82726,60270,52621,56738,41188,28557,14798,11962,10812,9111,22894,3679,1929,2797,2146,5113,829,788,3128,136,95,89,130,60,29,26,3,1,2156690
499998d3e572070555f9e1adb7964c13adb47eb5,refs/tags/v0.73,0.73,1082384,381380,162113,116333,82726,60270,52621,56760,41188,28557,14798,11962,10812,9111,22908,3690,1929,2797,2146,5113,829,788,3140,136,95,89,130,60,29,26,3,1,2158170
acc33abe11a7d162ff7984e38e1ee792301470a2,refs/tags/v0.74,0.74,1085328,381837,162118,116707,82726,60270,52621,56785,41188,28557,14798,11962,10812,9111,23098,3690,1929,2797,2146,5113,829,788,3153,136,95,89,130,60,29,26,3,1,2162261
7134f9548422f36a9e70b634ca17dac4d5f1a004,refs/tags/v0.75,0.75,1090484,383736,162148,116913,82726,60270,52621,57305,41188,28557,14798,11962,10812,9111,23135,3690,1929,2797,2146,5113,829,788,3224,136,95,89,130,60,29,26,3,1,2170211
a5e18572e9c6cb55e6d454751ca5e91b19751c15,refs/tags/v0.76,0.76,1092124,383998,162197,117008,82726,60270,52621,57597,41188,28557,14798,11962,10812,9111,23148,3690,1929,2797,2146,5599,829,788,3234,136,95,89,130,60,29,26,3,1,2173067
f5af76d6c6f32cbd04714f9123088a2b86a8eb27,refs/tags/v0.77,0.77,1100163,386190,162202,117176,82726,60270,52621,57713,41188,28557,14798,11962,10812,9111,23148,3690,1929,2797,2146,6195,829,788,3274,136,95,89,130,60,29,26,3,1,2184223
b2eb0c7ea1ee052033249e19b4a8664440a1983b,refs/tags/v0.78,0.78,1109525,389310,163154,117581,82726,60270,52621,58190,41286,28557,14798,11962,10812,9111,23180,3690,1929,2797,2146,6195,985,788,3304,136,95,89,130,60,29,26,3,1,2198889
79e12e699744e6d5ff7341003c5bc88b329410db,refs/tags/v0.79,0.79,1114345,389509,163250,118631,82726,60270,52621,58570,41286,28557,14798,11962,10812,9111,18841,3694,1929,2793,2146,5859,985,788,3415,136,95,89,130,60,29,26,3,1,2200934
284161c00ab6c68fa8ae0e495f6464cbd3fe6590,refs/tags/v0.8,0.8,950433,353547,149685,94709,82364,60270,52619,49020,41188,28557,14590,12069,10812,9111,25216,3520,1929,1590,1073,3902,829,788,1069,136,95,216,65,60,29,26,3,1,1953112
be23e0b72525a5c1a2ccafd3c7a1049662a29ddd,refs/tags/v0.80,0.80,1116927,389770,163271,118785,82726,60270,52621,58715,41286,28557,14798,11962,10812,9111,18841,3694,1929,2793,2146,5859,986,788,3415,136,95,89,130,60,29,26,3,1,2204102
0eae0427f70b01a024a4ae7de675d36755f28db0,refs/tags/v0.80-rc1,0.80-rc1,1116844,389751,163267,118743,82726,60270,52621,58687,41286,28557,14798,11962,10812,9111,18841,3694,1929,2793,2146,5859,986,788,3415,136,95,89,130,60,29,26,3,1,2203926
3cbcf3ed3d2c98536a89006b57e259b407b3df9c,refs/tags/v0.80.1,0.80.1,1117020,389782,163271,118785,82726,60270,52621,58715,41286,28557,14798,11962,10812,9111,18841,3694,1929,2793,2146,5859,986,788,3415,136,95,89,130,60,29,26,3,1,2204207
40ff61b2cb5de4be7e9d9f1370902048f94a7d37,refs/tags/v0.80.10,0.80.10,1122437,390614,164365,119598,82726,60270,52621,59165,41286,28557,14798,11966,10812,9111,18942,3698,1929,2793,2148,5859,986,788,3451,136,95,89,130,60,29,26,3,1,2212972
4a44b9bc09292aae151ce7c6e0d2187e6ad17987,refs/tags/v0.80.11,0.80.11,1123370,390793,164386,119804,82726,60270,52621,59255,41286,28557,14798,11966,10812,9111,18942,3710,1929,2793,2148,5859,986,788,3451,136,95,89,130,60,29,26,3,1,2214413
9d5cd0801f1e28155fcdc74c049605a5fbdf60dd,refs/tags/v0.80.2,0.80.2,1117337,389825,163369,118785,82726,60270,52621,58769,41286,28557,14798,11962,10812,9111,18841,3694,1929,2793,2146,5859,986,788,3415,136,95,89,130,60,29,26,3,1,2204719
77f5e9332c084e13e50337af65a52442c72bc91b,refs/tags/v0.80.3,0.80.3,1117337,389826,163369,118785,82726,60270,52621,58769,41286,28557,14798,11962,10812,9111,18841,3694,1929,2793,2146,5859,986,788,3415,136,95,89,130,60,29,26,3,1,2204720
922fa3ad3b1b92a018b857289971d82a96308fb6,refs/tags/v0.80.4,0.80.4,1117343,389827,163369,118785,82726,60270,52621,58769,41286,28557,14798,11962,10812,9111,18841,3694,1929,2793,2146,5859,986,788,3415,136,95,89,130,60,29,26,3,1,2204727
58c6a4824284417632eae0062a03da8376bb1c4b,refs/tags/v0.80.5,0.80.5,1117406,389832,163369,118785,82726,60270,52621,58769,41286,28557,14798,11962,10812,9111,18841,3694,1929,2793,2146,5859,986,788,3432,136,95,89,130,60,29,26,3,1,2204812
fa30a26f4e6c68c56b7632c07069a7d5a29a154f,refs/tags/v0.80.6,0.80.6,1118654,390341,163538,118785,82726,60270,52621,59091,41286,28557,14798,11966,10812,9111,18841,3701,1929,2793,2146,5859,986,788,3435,136,95,89,130,60,29,26,3,1,2207078
3774725b92a8d2472638eee754da3ea4802444a0,refs/tags/v0.80.7,0.80.7,1118659,390341,163538,118785,82726,60270,52621,59091,41286,28557,14798,11966,10812,9111,18841,3701,1929,2793,2146,5859,986,788,3435,136,95,89,130,60,29,26,3,1,2207083
7c2db2512d6aa450ebd9ef8f966e831ed4f00f23,refs/tags/v0.80.8,0.80.8,1119320,390467,163520,118937,82726,60270,52621,59195,41286,28557,14798,11966,10812,9111,18862,3701,1929,2793,2148,5859,986,788,3449,136,95,89,130,60,29,26,3,1,2208153
e6d63e3a6fb5e71245a136341fa98bb896f140df,refs/tags/v0.80.8.1,0.80.8.1,1119372,390468,163520,118937,82726,60270,52621,59191,41286,28557,14798,11966,10812,9111,18862,3698,1929,2793,2148,5859,986,788,3454,136,95,89,130,60,29,26,3,1,2208204
b203732b1caa2b51beabfae31639b4ee2db73004,refs/tags/v0.80.8.2,0.80.8.2,1119591,390501,163520,118937,82726,60270,52621,59191,41286,28557,14798,11966,10812,9111,18862,3698,1929,2793,2148,5859,986,788,3454,136,95,89,130,60,29,26,3,1,2208456
94894fcb007abae46b92c33244aa4bcf95ded655,refs/tags/v0.80.8.4,0.80.8.4,1119736,390542,163520,118937,82726,60270,52621,59191,41286,28557,14798,11966,10812,9111,18862,3698,1929,2793,2148,5859,986,788,3454,136,95,89,130,60,29,26,3,1,2208642
465088640663ba7e802ac31fe4d7c16239791f86,refs/tags/v0.80.8.5,0.80.8.5,1119763,390552,163520,118937,82726,60270,52621,59191,41286,28557,14798,11966,10812,9111,18862,3698,1929,2793,2148,5859,986,788,3454,136,95,89,130,60,29,26,3,1,2208679
9207ca9a63fc6b65fef3c63e7f4c9efa67968db5,refs/tags/v0.80.9,0.80.9,1120207,390563,163572,119290,82726,60270,52621,59208,41286,28557,14798,11966,10812,9111,18931,3702,1929,2793,2148,5859,986,788,3456,136,95,89,130,60,29,26,3,1,2209631
82b2718bae7fd6a1e32f1bb6e3ba9cdf576aa7d4,refs/tags/v0.81,0.81,1117279,389798,163300,119457,82726,60270,52621,58781,41286,28557,14798,11962,10812,9111,19296,3694,1929,2793,2146,5862,986,788,3423,136,95,89,130,60,29,26,3,1,2205725
0efa740368a8082d1bf3411de1a39a467f70a804,refs/tags/v0.82,0.82,1119477,390234,163432,119841,82726,60270,52619,58869,41286,28557,14798,11962,10812,9111,19296,3694,1929,2793,2146,5862,986,801,3449,136,95,89,130,60,29,26,3,1,2209004
9beb05ad88af9b1eb73416b7ca8d30e9d14abd90,refs/tags/v0.83,0.83,1123037,391126,163535,119972,82726,60270,52619,59506,41286,28557,14798,11962,10812,9111,19312,3694,1929,2793,2146,5862,986,801,3510,136,95,89,130,60,29,26,3,1,2214404
54d011d43ecffd91061622b449b70c2d040fa18f,refs/tags/v0.84,0.84,1124542,391793,163722,120127,82726,60270,52619,59616,41286,28557,14798,11962,10812,9111,19376,3726,1929,2793,2146,5862,1019,801,3542,136,95,89,130,60,29,26,3,1,2217206
640ad614dbaed794c783242d59016a1f70025f99,refs/tags/v0.85,0.85,1127532,398357,163845,120788,82726,60270,52619,59894,41286,28557,14798,12006,10812,9257,16095,3726,1929,2793,6166,5862,1058,801,3980,136,95,89,130,60,29,26,3,1,2229338
0667f1b8669515a8de981f1bcfb49df8585bb414,refs/tags/v0.86,0.86,1136644,400292,164481,121560,82726,60270,52619,59807,41286,28557,14798,12010,10812,9257,16325,3758,1929,2793,6166,5862,1075,801,4190,136,95,89,130,60,29,26,3,1,2242297
8db128fda1406afe5652d6f6a7a04712449d4453,refs/tags/v0.87,0.87,1137280,400391,164481,121560,82726,60270,52619,59876,41286,28557,14798,12010,10812,9257,16325,3758,1929,2793,6166,5862,1075,801,4209,136,95,89,130,60,29,26,3,1,2243120
f4b8a136aff6b59c2ee1d1a2a6544553ae6df3c6,refs/tags/v0.87.1,0.87.1,1138063,400447,164484,121533,82726,60270,52619,59914,41286,28557,14798,12010,10812,9257,16337,3759,1929,2793,6189,5862,1075,801,4219,136,95,89,130,60,29,26,3,1,2244019
8c5f1def6178371f7e69285ae61f56b1a99c7877,refs/tags/v0.87.2,0.87.2,1138230,400475,164486,122126,82726,60270,52619,59958,41286,28557,14798,12010,10812,9257,16348,3759,1929,2793,6189,5862,1075,801,4219,136,95,89,130,60,29,26,3,1,2244864
ded90681ba267d265d540c573afcc4ba453aa974,refs/tags/v0.88,0.88,1141794,401080,164679,122918,82726,60270,52619,60136,41286,28557,14798,12010,10812,9257,16350,3839,1929,2793,6166,5862,1075,801,4254,136,95,89,130,60,29,26,3,1,2250290
719fb246985ec2faeeef88265b3c1b85d9725788,refs/tags/v0.89,0.89,1144524,401651,164763,123205,82726,60270,52619,60253,41286,28557,14798,12010,10812,9257,16350,3839,1929,2793,6166,5862,1075,801,4293,136,95,89,130,60,29,26,3,1,2254120
414818539242fadfd54c99de40f982694c1f2fe2,refs/tags/v0.9,0.9,954895,355213,149685,94709,82364,60270,52619,49065,41188,28557,14590,12069,10812,9111,25418,3520,1929,1590,1073,3902,829,788,1101,136,95,216,65,60,29,26,3,1,1959534
354f775a51f81fe574107e1a76495874f6b06152,refs/tags/v0.90,0.90,1145419,401823,164883,123334,82726,60270,52619,60662,41286,28557,14798,12010,10812,9257,16367,3887,1929,2793,6189,5862,1075,801,4335,136,95,89,130,60,29,26,27,1,2256004
fc2d28bddc61be23e4c6ecc1764b7db2fc67ded6,refs/tags/v0.91,0.91,1149547,402676,165106,124524,82726,60270,52619,61347,41286,28557,14798,12010,10812,9257,16432,3887,1929,2793,6189,5862,1075,801,4395,136,95,89,130,60,29,26,27,1,2263270
31f8f7f22a58847e9783eddb6210e5576eadd3bf,refs/tags/v0.92,0.92,1153204,403695,165207,124651,82726,60270,52619,61473,41286,28557,14798,12010,10812,9257,16445,3887,1929,2793,6189,5862,1075,801,4436,136,95,89,130,60,29,26,3,1,2268333
51401156acc6e76f4770a9f73a41cf3df8a91986,refs/tags/v0.93,0.93,1199858,443191,165775,125213,83031,60270,52619,62589,41286,28557,18989,12010,10812,9257,16030,5752,1929,2793,6189,5863,1075,801,4881,136,95,89,130,60,29,26,3,1,2363733
e59c3aebb4c58862f4b7d29b826866b66534b029,refs/tags/v0.94,0.94,1200503,443256,165789,125474,83031,60270,52619,62625,41286,28557,18999,12010,10812,9257,16042,5748,1929,2793,6189,5863,1075,801,5072,136,95,89,130,60,29,26,3,1,2365045
804ea30ee79835de49d9652ba48ef30174e9cbed,refs/tags/v0.94.1,0.94.1,1200506,443256,165789,125474,83031,60270,52619,62625,41286,28557,18999,12010,10812,9257,16049,5748,1929,2793,6189,5863,1075,801,5072,136,95,89,130,60,29,26,3,1,2365055
1f511e1042104d30628fcf63e0146aeef5d79f2c,refs/tags/v0.94.1.1,0.94.1.1,1200528,443257,165789,125474,83031,60270,52619,62625,41286,28557,18999,12010,10812,9257,16049,5748,1929,2793,6189,5863,1075,801,5082,136,95,89,130,60,29,26,3,1,2365088
ff60ae443e1bf45190fe32f29669eea819e9ff11,refs/tags/v0.94.1.2,0.94.1.2,1200764,443296,165789,125474,83031,60270,52619,62659,41286,28557,18999,12010,10812,9257,16049,5663,1929,2793,6189,5863,1075,801,5081,136,95,89,130,60,29,26,3,1,2365311
2b60ffd83c693da4e09f1e4f33586f5c891a3319,refs/tags/v0.94.1.3,0.94.1.3,1200926,443343,165789,125474,83031,60270,52619,62659,41286,28557,18999,12010,10812,9257,16049,5663,1929,2793,6189,5863,1075,801,5081,136,95,89,130,60,29,26,3,1,2365520
d599819d4e5a59886895c6bb90ccb0a814f27d2f,refs/tags/v0.94.1.4,0.94.1.4,1200990,443345,165789,125474,83031,60270,52619,62669,41286,28557,18999,12010,10812,9257,16049,5663,1929,2793,6189,5863,1075,801,5081,136,95,89,130,60,29,26,3,1,2365596
4d2b0e621b7b48a24682f1168ff44257cf697cf7,refs/tags/v0.94.1.5,0.94.1.5,1200994,443345,165789,125474,83031,60270,52619,62669,41286,28557,18999,12010,10812,9257,16049,5663,1929,2793,6189,5863,1075,801,5081,136,95,89,130,60,29,26,3,1,2365600
1b84281953da035a3967760098c588f404e2a29f,refs/tags/v0.94.1.6,0.94.1.6,1200994,443345,165789,125474,83031,60270,52619,62669,41286,28557,18999,12010,10812,9257,16049,5663,1929,2793,6189,5863,1075,801,5081,136,95,89,130,60,29,26,3,1,2365600
d0618d6921d395baa374cc281f8642a7363a0070,refs/tags/v0.94.1.7,0.94.1.7,1201023,443355,165789,125474,83031,60270,52619,62669,41286,28557,18999,12010,10812,9257,16049,5663,1929,2793,6189,5863,1075,801,5081,136,95,89,130,60,29,26,3,1,2365639
25411c42ad4bbaf6a1c2b2c116afbab094218dde,refs/tags/v0.94.10,0.94.10,1211372,444439,181188,126198,83093,60270,52619,63359,41286,34405,19002,12010,10812,9257,14176,5660,1929,2793,6189,5863,1075,808,5175,136,95,89,130,60,29,26,3,1,2398054
c9169b4dd80844f7f072a23f788afb6e6b91a196,refs/tags/v0.94.2,0.94.2,1200948,443339,165793,125611,83031,60270,52619,62645,41286,28557,18999,12010,10812,9257,16049,5748,1929,2793,6189,5863,1075,801,5082,136,95,89,130,60,29,26,3,1,2365751
b2503b0e15c0b13f480f0835060479717b9cf935,refs/tags/v0.94.3,0.94.3,1203782,443476,165910,125717,83093,60270,52619,62703,41286,28557,19000,12010,10812,9257,14156,5744,1929,2793,6189,5863,1075,801,5108,136,95,89,130,60,29,26,3,1,2367213
63d6030df2317ff23282ccc39a1176b841f88f87,refs/tags/v0.94.3.1,0.94.3.1,1203815,443488,165910,125717,83093,60270,52619,62744,41286,28557,19000,12010,10812,9257,14156,5659,1929,2793,6189,5863,1075,801,5107,136,95,89,130,60,29,26,3,1,2367213
c6fa48addf3f64c6337b9d51618ace91fa500d75,refs/tags/v0.94.3.2,0.94.3.2,1203819,443488,165910,125717,83093,60270,52619,62744,41286,28557,19000,12010,10812,9257,14156,5659,1929,2793,6189,5863,1075,801,5107,136,95,89,130,60,29,26,3,1,2367217
50ec9d9b74433f6070416c8df01375606dc320d7,refs/tags/v0.94.3.3,0.94.3.3,1203828,443488,165910,125717,83093,60270,52619,62750,41286,28557,19000,12010,10812,9257,14163,5659,1929,2793,6189,5863,1075,801,5107,136,95,89,130,60,29,26,3,1,2367239
ff66618e2b3df058b90b2997a46be0e119c56437,refs/tags/v0.94.4,0.94.4,1205399,443773,165910,125644,83093,60270,52619,62809,41286,28557,19001,12010,10812,9257,14156,5659,1929,2793,6189,5863,1075,801,5108,136,95,89,130,60,29,26,3,1,2369087
d65f099597caab75f3ec0ae43ec5ce7ee3f7dcbf,refs/tags/v0.94.5,0.94.5,1205440,443773,165910,125644,83093,60270,52619,62809,41286,28557,19001,12010,10812,9257,14156,5659,1929,2793,6189,5863,1075,801,5108,136,95,89,130,60,29,26,3,1,2369128
4384821041a3772f1ca6c1d0d0ecc8013882aa41,refs/tags/v0.94.6,0.94.6,1206447,444133,165912,125652,83093,60270,52619,62796,41286,28557,19001,12010,10812,9257,14175,5660,1929,2793,6189,5863,1075,801,5110,136,95,89,130,60,29,26,3,1,2370513
f5ec1d9e2022d3c19ccd38b4c168be6c5f22c339,refs/tags/v0.94.7,0.94.7,1208555,444250,166605,125654,83093,60270,52619,62980,41286,28557,19001,12010,10812,9257,14175,5660,1929,2793,6189,5863,1075,801,5112,136,95,89,130,60,29,26,3,1,2373621
cc0051eed067b79d8f053b4c630007edcb1190c0,refs/tags/v0.94.8,0.94.8,1209324,444290,166688,125654,83093,60270,52619,63030,41286,28557,18995,12010,10812,9257,14175,5660,1929,2793,6189,5863,1075,801,5113,136,95,89,130,60,29,26,3,1,2374568
1bb2966db0eb05fe5c0677e144954ed553ba54c2,refs/tags/v0.94.9,0.94.9,1209325,444285,166688,126078,83093,60270,52619,63030,41286,28557,19001,12010,10812,9257,14175,5660,1929,2793,6189,5863,1075,801,5112,136,95,89,130,60,29,26,3,1,2374984
907d2c13390d07ce02eb832bca30c8451b8bc36e,refs/tags/v10.0.0,10.0.0,1187437,403694,164462,129396,82426,60270,52619,64075,41286,28557,19105,11966,10812,9189,13269,5572,1929,2825,11221,4166,1080,860,5560,136,95,89,130,60,29,26,37,1,2314539
f2f34abf3067fa87066c436f8aefe6115be37f37,refs/tags/v10.0.1,10.0.1,1198312,406489,165925,129666,82426,60270,52619,64197,41286,28557,19175,11966,10812,9189,13271,5577,1929,2825,11221,4166,1080,860,5742,136,95,89,130,60,29,26,37,1,2330340
9879ae6bafe84a9118311c9e5e111095df16e8ca,refs/tags/v10.0.2,10.0.2,1211483,409180,165387,130000,82426,60270,52619,64763,41286,28557,19223,11966,11606,9207,13273,5582,1929,2825,11221,4167,1080,860,5919,136,95,89,130,60,29,26,37,1,2347644
99b222248fef02130b03d692bbe0e4852f0b53c9,refs/tags/v10.0.3,10.0.3,1227158,412121,166009,130571,82426,60270,52619,65059,41286,28557,19861,11966,11617,9207,13283,5582,1929,2777,11221,4183,1080,860,6087,136,95,89,130,60,29,26,37,1,2368550
4ed24562b22aee54c483d9aa95e3bf80868a4d38,refs/tags/v10.0.4,10.0.4,1232967,416664,166693,131186,82426,60270,52619,65240,41286,28557,19995,11966,11617,9207,13284,5585,1929,2777,11221,4183,1127,880,6418,136,95,89,130,60,29,26,37,1,2380855
c42f7d3676c39a54bc462f94896168c762dd984f,refs/tags/v10.0.5,10.0.5,1232967,416664,166693,131186,82426,60270,52619,65240,41286,28557,19995,11966,11617,9207,13284,5585,1929,2777,11221,4183,1127,880,6418,136,95,89,130,60,29,26,37,1,2380855
578763a03423d1d1ee501f1609a6c35598ad65b5,refs/tags/v10.1.0,10.1.0,1265097,427012,169753,132397,82426,60270,52619,66032,41286,28557,19936,11966,14093,9207,13282,5585,1929,2134,11221,4183,1127,880,6700,136,95,89,130,60,29,26,37,1,2430474
d1961383102fda8230f1816a664101cbc63bb5a5,refs/tags/v10.1.1,10.1.1,1268356,427745,169886,134455,82426,60270,52619,66406,41286,28557,19997,11966,14108,9207,13282,5585,1929,2134,11221,4183,1127,880,6734,136,95,89,130,60,29,26,37,1,2437148
189f2d7af805212ce6b27a37a61f1ec9c162d2fc,refs/tags/v10.1.2,10.1.2,1269003,428027,169886,134683,82426,60270,52619,66408,41286,28557,19997,11966,14108,9207,13282,5585,1929,2134,11221,4183,1127,880,6736,136,95,89,130,60,29,26,37,1,2438309
d1ffe8f2b07ddaeeaef1003d4c12f140a1078402,refs/tags/v10.2.0,10.2.0,1269545,428270,170030,135985,82426,60270,52619,66422,41286,28557,19978,11966,14112,9207,13282,5585,1929,2134,11221,4183,1127,880,6744,136,95,89,130,60,29,26,37,1,2440547
5f587afa0968cb3a0c640bae6ae481806063c6be,refs/tags/v10.2.01,10.2.01,1269545,428270,170040,135985,82426,60270,52619,66422,41286,28557,19978,11966,14112,9207,13282,5585,1929,2134,11221,4183,1127,880,6744,136,95,89,130,60,29,26,37,1,2440557
aa19ea9c5bb6137a58f2892384b854c955841f85,refs/tags/v10.2.1,10.2.1,1273104,428784,170053,136136,82426,60270,52619,66502,41286,28557,19990,11966,14112,9207,13282,5585,1929,2134,11221,4183,1127,880,6758,136,95,89,130,60,29,26,37,1,2444900
472498d6a431c83129053c4a5f7ec042217ab0da,refs/tags/v10.2.10,10.2.10,1293425,431832,190491,136505,82426,60270,52619,68843,41558,37356,20077,11966,14596,9207,13285,5719,1929,2134,11221,4183,1127,887,6869,136,95,89,130,60,29,26,37,1,2501447
c6b748f07b7fa4e41f8a39308a303507c29bd08d,refs/tags/v10.2.11,10.2.11,1296717,432446,190550,136519,82426,60270,52619,69458,41558,37347,20094,11955,14659,9207,13286,5719,1929,2134,11221,4183,1127,885,7080,136,95,89,130,60,29,26,37,1,2506323
37dbd18121d86b83b5e2db2e25962f1f605b63c3,refs/tags/v10.2.2,10.2.2,1277307,429410,170212,136164,82426,60270,52619,67023,41286,28557,20004,11966,14449,9207,13282,5585,1929,2134,11221,4183,1127,880,6776,136,95,89,130,60,29,26,37,1,2450798
6ca75cb61f3c6318b43a0a1bb6a7451f6f4960b6,refs/tags/v10.2.3,10.2.3,1282356,430094,170547,136237,82426,60270,52619,66892,41286,28557,20012,11966,14482,9207,13282,5685,1929,2134,11221,4183,1127,880,6769,136,95,89,130,60,29,26,37,1,2456941
88a9cdccac18bb814eb0fd795f90bdc79aefa557,refs/tags/v10.2.4,10.2.4,1285514,430481,170572,136334,82426,60270,52619,66979,41286,28557,20016,11966,14482,9207,13284,5685,1929,2134,11221,4183,1127,880,6831,136,95,89,130,60,29,26,37,1,2460769
1c05a671ef9ca41eddcba864f9b64584cf0b08d6,refs/tags/v10.2.5,10.2.5,1285517,430481,170572,136334,82426,60270,52619,66979,41286,28557,20016,11966,14482,9207,13284,5685,1929,2134,11221,4183,1127,880,6831,136,95,89,130,60,29,26,37,1,2460772
d38f5c31970a6c759e1afa254c5d6981de7e8d07,refs/tags/v10.2.6,10.2.6,1290250,431397,189769,136281,82426,60270,52619,67081,41286,37239,20027,11966,14587,9207,13285,5685,1929,2134,11221,4183,1127,887,6864,136,95,89,130,60,29,26,37,1,2494506
25d58554677805cb664245af3a7bfcdeaf27d7d3,refs/tags/v10.2.7,10.2.7,1290912,431569,189773,136297,82426,60270,52619,68791,41558,37243,20075,11966,14587,9207,13285,5685,1929,2134,11221,4183,1127,887,6863,136,95,89,130,60,29,26,37,1,2497529
d035faf028f36f95341bba2d8db7dc62472b9dbb,refs/tags/v10.2.8,10.2.8,1292025,431937,190234,136502,82426,60270,52619,68805,41558,37327,20076,11966,14596,9207,13285,5719,1929,2134,11221,4183,1127,887,6864,136,95,89,130,60,29,26,37,1,2499819
237435ea092f669f64145a23c06bf8618ab72022,refs/tags/v10.2.9,10.2.9,1292019,431934,190234,136502,82426,60270,52619,68805,41558,37327,20076,11966,14596,9207,13285,5719,1929,2134,11221,4183,1127,887,6864,136,95,89,130,60,29,26,37,1,2499810
305da35d25a4c1a9308858a64b107771d527e888,refs/tags/v11.0.0,11.0.0,1290139,432826,170463,136795,82426,60270,52619,67685,41286,28557,20435,11966,14657,9207,13282,5585,1929,2134,11221,4183,1240,883,6908,136,95,89,130,60,29,26,37,1,2469493
4aaf06ce0d0d4e5d8f46cfdad92bf4dee002005e,refs/tags/v11.0.1,11.0.1,1317037,438930,173754,137631,82426,60270,52619,67854,41288,28557,20564,11966,14872,9111,13268,5689,1929,2134,11221,4167,1233,884,545,136,95,89,130,60,29,26,37,1,2498552
d1548a69af667a9a155e1823dca1dde80bf6ab7f,refs/tags/v11.0.2,11.0.2,1317037,438930,173754,137631,82426,60270,52619,67854,41288,28557,20570,11966,14872,9111,13268,5689,1929,2134,11221,4167,1233,884,545,136,95,89,130,60,29,26,37,1,2498558
5361720bbd4a288f9a90997ff2e523b86c015636,refs/tags/v11.1.0,11.1.0,1332436,449382,174215,140334,82426,60270,52619,69891,41560,28557,21052,11966,15364,9111,13131,6130,1929,2134,11221,4167,1234,884,418,136,95,89,130,98,29,26,39,1,2531074
a24b431da791c33abdc0dccb6efae61e022015e3,refs/tags/v11.1.1,11.1.1,1332895,449810,195206,140062,82426,60270,52619,70347,41560,35412,21061,11966,15381,9111,13131,6159,1929,2134,11221,4167,1234,891,481,136,95,89,130,98,29,26,39,1,2560116
5cac45344da7b139c86f0e93cf09245960b8c156,refs/tags/v11.2.0,11.2.0,1332821,449925,195263,140062,82426,60270,52619,70347,41560,35403,21063,11966,15449,9111,13131,6159,1929,2134,11221,4167,1234,891,481,136,95,89,130,98,29,26,39,1,2560275
bde9846914bcbcb302e31c5bec413497325a46e1,refs/tags/v11.2.1,11.2.1,1335028,450513,195713,140071,82426,60270,52619,70078,41560,35682,21067,11966,15458,9111,13131,6159,1929,2134,11221,4167,1234,891,423,136,95,89,130,98,29,26,39,1,2563494
268402585cd18c4eb6c172958c6caeebc2cb8ca2,refs/tags/v12.0.0,12.0.0,1340181,450894,195577,140358,82426,60270,52619,70741,41560,35420,21352,11966,15490,9111,13140,6189,1929,2134,11221,2961,1234,891,481,136,95,89,130,98,29,26,39,1,2568788
6a293b898680e5a383a03f61ba5ddc19f0695fcf,refs/tags/v12.0.1,12.0.1,1350498,453662,195897,141311,82426,60270,52619,70823,41560,36021,21427,11966,15490,9111,13312,6223,1929,2134,11221,2235,1234,891,423,136,95,89,130,98,29,26,39,1,2583326
77a54baa068d24738e2d6d9bc7f2f6f7e52db637,refs/tags/v12.0.2,12.0.2,1362474,457274,197011,142563,82426,60270,52619,71274,41560,35698,21576,11966,15666,9111,13516,6223,1929,2134,11712,2235,1221,891,427,136,95,89,130,98,29,26,39,1,2602419
d2e79f44eb5b64d6fc492a91eb5e078524a98a77,refs/tags/v12.0.3,12.0.3,1371074,461800,197548,143103,82426,60270,52619,71716,41560,35798,21816,11966,15802,9111,13243,6223,1929,2134,11712,2235,1303,891,427,136,95,89,130,60,29,26,39,1,2617311
52703611285db3ce242b5e15a6061ea1d06ed3ef,refs/tags/v12.1.0,12.1.0,1385022,457568,196907,144722,82426,60270,52921,72623,42010,35655,22056,109111,15858,93472,12793,6223,2043,2134,2662,2235,3841,892,435,136,95,27612,130,60,29,26,39,1,2838057
480d326d2da25c0e16f7ea238573b82bb84df676,refs/tags/v12.1.1,12.1.1,1390222,459150,197652,144853,84139,60270,52921,72717,42010,35987,22103,109379,15867,93472,12778,6223,2043,2134,2662,1635,3841,892,437,136,95,27612,130,60,29,26,39,1,2847565
739c7eb9c63b15958b698d7a1d2492d92bf9896a,refs/tags/v12.1.2,12.1.2,1400428,460531,198496,145864,84071,60270,52921,72875,42010,36128,22081,109864,15963,93472,12777,6223,2043,2134,2662,1635,3841,892,437,136,95,27612,130,60,29,26,39,1,2861796
7f452a5653ef4793090dc4388b6f62a66066f0e5,refs/tags/v12.1.3,12.1.3,1401821,460978,200322,146990,84071,60270,52921,73004,42010,36183,22169,109864,15963,93472,13064,6223,2043,1590,2662,1635,3841,946,439,136,95,27612,130,60,29,26,39,1,2866659
a92f83095855bea194e01244e51f18dbf32379e7,refs/tags/v12.1.4,12.1.4,1402216,461010,200332,147011,84071,60270,52921,73043,42010,36206,22169,109864,15963,93472,13070,6223,2043,1590,2662,1635,3841,946,439,136,95,27612,130,60,29,26,39,1,2867185
d0b429ef549403f78b2800599d964042d2fd5983,refs/tags/v12.2.0,12.2.0,1402545,461051,200379,147418,84071,60270,52921,73500,42020,36201,22183,109864,15963,93472,13070,6223,2043,1590,2662,1635,3841,946,439,136,95,27612,130,60,29,26,39,1,2868485
e6c57e5fb93349f75008e21013febe6077ab2d5b,refs/tags/v12.2.1,12.2.1,1403474,461205,201044,148062,84071,60270,52921,73379,42020,36440,22178,109870,15963,93472,13070,6223,2043,1590,2662,1635,3841,946,439,136,95,27612,130,60,29,26,39,1,2870996
b49653ef62b4ca210eb52615090f9a7db038c50f,refs/tags/v12.2.10,12.2.10,1420745,464568,210406,149949,84071,60270,52619,79096,41610,37591,22075,13792,16041,14822,12995,6223,1929,1590,2662,1635,1375,1070,450,136,95,804,130,60,29,26,39,1,2698908
118a9c641842cbbb0fc79afdf6603be28d6803bf,refs/tags/v12.2.11,12.2.11,1423066,464919,210925,150111,84071,60270,52619,79185,41610,37873,22080,13809,16042,14859,12995,6223,1929,1590,2662,1635,1375,1072,450,136,95,804,130,60,29,26,39,1,2702694
24ab6875df28f03aeb4b2f9479b798a41c853ac3,refs/tags/v12.2.12,12.2.12,1424600,465407,211142,150226,84071,60270,52619,80020,41610,37846,22084,13809,16042,14859,12995,6263,1929,1590,2662,1635,1375,1072,450,136,95,804,130,60,29,26,39,1,2705900
57395849c29f65095705fff46de3d97412afe23e,refs/tags/v12.2.13,12.2.13,1429483,465960,211409,150600,84071,60270,52619,80614,41374,38015,22071,13809,16043,14859,12997,6263,1929,1590,2662,1635,1375,1089,450,136,95,804,130,60,29,26,39,1,2712511
30beeedf54f28c29db796ac7605ebe6543fd9504,refs/tags/v12.2.2,12.2.2,1407570,461985,204124,148862,84071,60270,52921,73417,42020,37133,22220,109826,15963,93472,13069,6223,2043,1590,2662,1635,3841,993,440,136,95,27612,130,60,29,26,39,1,2880528
596759ce0b6dd896f2b3b034dcbd15ffa88517fc,refs/tags/v12.2.3,12.2.3,1413121,462560,205281,149338,84071,60270,52619,74620,41569,37454,22239,13695,15964,14822,13071,6223,1929,1590,2662,1635,1375,1015,449,136,95,804,130,60,29,26,39,1,2678892
fcbfc6eb179835dc9704731e4189599036fce5ed,refs/tags/v12.2.4,12.2.4,1413322,462667,205477,149349,84071,60270,52619,74742,41570,37485,22239,13695,15964,14822,13071,6223,1929,1590,2662,1635,1375,1017,449,136,95,804,130,60,29,26,39,1,2679563
7c65856767099b119cb068d4bd0fa2a24d2a8069,refs/tags/v12.2.5,12.2.5,1414930,463021,206416,149775,84071,60270,52619,77405,41610,37388,22256,13695,15964,14822,13070,6223,1929,1590,2662,1635,1375,1017,449,136,95,804,130,60,29,26,39,1,2685512
a6fda234b7ed7a4965b043d91b3fcc4caae0e6bf,refs/tags/v12.2.6,12.2.6,1417566,463493,206978,149756,84071,60270,52619,78107,41610,37555,22283,13684,16035,14822,13028,6223,1929,1590,2662,1635,1375,1025,449,136,95,804,130,60,29,26,39,1,2690085
f3d54cb4c3742a5832307bf06851774f6e97bb24,refs/tags/v12.2.7,12.2.7,1417583,463498,206978,149768,84071,60270,52619,78155,41610,37557,22283,13684,16035,14822,13028,6223,1929,1590,2662,1635,1375,1025,449,136,95,804,130,60,29,26,39,1,2690169
d42e6071abdcc685df205d6b3725abf15bb4638d,refs/tags/v12.2.8,12.2.8,1418224,463588,209083,149901,84071,60270,52619,78873,41610,37569,22064,13792,16035,14822,13028,6223,1929,1590,2662,1635,1375,1082,449,136,95,804,130,60,29,26,39,1,2693818
ee184d9b2d4eebd14ee16ea47d1b4640abd50796,refs/tags/v12.2.9,12.2.9,1420644,464558,210048,149927,84071,60270,52619,79048,41610,37490,22075,13792,16041,14822,12995,6223,1929,1590,2662,1635,1375,1088,450,136,95,804,130,60,29,26,39,1,2698286
6df95a2448603f2c9b17aa41646798584e88a7cb,refs/tags/v13.0.0,13.0.0,1404179,461398,201175,147892,84071,60270,52921,73494,42020,36321,22197,109853,15963,93472,12945,6223,2043,1590,2662,1635,3841,946,439,136,95,27612,130,60,29,26,39,1,2871728
ec70763f382d154a3c397fa04fdc7c7d3ef3827e,refs/tags/v13.0.1,13.0.1,1417766,463540,205155,150635,84071,60270,52619,68264,41569,37330,22476,13696,16024,14822,12947,5886,1929,1590,2676,1635,1375,994,453,136,95,804,130,60,29,26,39,1,2679042
090770e307cedcd96589f8b633b81c053063176f,refs/tags/v13.0.2,13.0.2,1429264,466669,209607,152335,84245,64505,52619,69421,41947,37309,22629,15181,16468,14883,12505,5836,3420,1590,2676,1635,1384,1053,421,136,95,804,130,60,29,26,39,1,2708922
a82f001eb5e91923bb359a125b0a66b2caa2a7a9,refs/tags/v13.1.0,13.1.0,1437742,468391,212693,151595,84374,70283,52619,71833,41899,37923,22721,15670,16525,9192,12502,5836,3487,1590,2676,1635,1292,1042,421,136,95,89,130,60,29,26,39,1,2724546
2799207680d84263482fe2497a9e70dc33f3a0a6,refs/tags/v13.1.1,13.1.1,1438918,468423,212553,151698,84374,70456,52619,71873,41800,38007,22638,15710,16525,9192,12502,5836,3511,1590,2676,1635,1138,1042,421,136,95,89,130,60,29,26,39,1,2725742
c6963216c23df93d3a452efa082d1550eff383bb,refs/tags/v13.2.0,13.2.0,1439384,468450,212554,151715,84374,70742,52619,71706,41800,38001,22648,15710,16525,9192,12324,5836,3511,1590,2676,1635,1138,1042,421,136,95,89,130,60,29,26,39,1,2726198
4f4f8c79a0db1dc31aaed67fb04172a781795f9a,refs/tags/v13.2.1,13.2.1,1440329,468976,213349,151628,84374,70760,52619,72037,41797,38309,22298,15723,16588,9192,12324,5836,3512,1590,2676,1635,1138,1050,421,136,95,89,130,60,29,26,39,1,2728770
ee4a09653750cf6bab40a3e936d2908716fb01b2,refs/tags/v13.2.10,13.2.10,1452860,471129,217699,152494,84933,70936,52619,74081,52328,39530,22325,15743,16664,9226,12298,5702,3514,1590,2676,1071,1138,1123,425,136,95,89,130,60,29,26,39,1,2762713
1726da7340ca188a67cbac92457c7d5fd633bc04,refs/tags/v13.2.2,13.2.2,1441875,469190,215296,151747,84374,70768,52619,72759,41797,38546,22304,15725,16635,9192,12324,5836,3512,1590,2676,1635,1138,1113,425,136,95,89,130,60,29,26,39,1,2733685
e5f8dc19101cd6e49cbeb301d3ed0c05e65610a4,refs/tags/v13.2.3,13.2.3,1444379,470174,216319,151911,84374,70874,52619,72538,41797,38554,22315,15743,16637,9229,12324,5836,3512,1590,2676,1635,1138,1095,425,136,95,89,130,60,29,26,39,1,2738303
c30842b20b085b669182fbebe5d8fa972d79511c,refs/tags/v13.2.4,13.2.4,1444384,470203,216319,151911,84374,70874,52619,72538,41797,38571,22315,15743,16637,9229,12324,5836,3512,1590,2676,1635,1138,1095,425,136,95,89,130,60,29,26,39,1,2738354
b709f1ec64100d33ccd1e8ccf8cb93b4c817e03a,refs/tags/v13.2.5,13.2.5,1446065,470205,216737,151944,84933,70874,52619,72657,41797,38927,22316,15743,16637,9229,12291,5702,3512,1590,2676,1635,1138,1097,425,136,95,89,130,60,29,26,39,1,2741358
49810bba11614a6232f409fd220ac569b6164d9c,refs/tags/v13.2.6,13.2.6,1447237,470482,217302,152257,84933,70936,52619,73446,52564,38976,22331,15744,16642,9226,12291,5702,3512,1590,2676,1635,1138,1097,425,136,95,89,130,60,29,26,39,1,2755370
6b81d8940739a6220bd19ed3af1019f29b256be7,refs/tags/v13.2.7,13.2.7,1452087,471036,217567,152419,84933,70936,52619,73861,52328,39083,22325,15743,16664,9226,12295,5702,3514,1590,2676,1071,1138,1118,425,136,95,89,130,60,29,26,39,1,2760965
b496ab8e28f0d23a60ee30fd3bee1d9cdb452648,refs/tags/v13.2.8,13.2.8,1452099,471036,217567,152419,84933,70936,52619,73861,52328,39152,22325,15743,16664,9226,12295,5702,3514,1590,2676,1071,1138,1118,425,136,95,89,130,60,29,26,39,1,2761046
82f42999867a438fb085eb223d0b7a35eeccbff3,refs/tags/v13.2.9,13.2.9,1452857,471129,217699,152494,84933,70936,52619,74081,52328,39552,22325,15743,16664,9226,12298,5702,3514,1590,2676,1071,1138,1123,425,136,95,89,130,60,29,26,39,1,2762732
499a6325b12d5a6a21e18dfd50820a9d3188c3ad,refs/tags/v14.0.0,14.0.0,1434469,463752,213296,154087,84374,70797,52619,71605,41756,37960,22134,15691,16525,9192,12324,5836,3517,1590,2676,1635,1080,1050,421,136,95,89,130,60,29,26,39,1,2718991
39c6cb7e09a117719ae6622ad2bc20670ae685f4,refs/tags/v14.0.1,14.0.1,1450210,466671,218486,155848,84933,81966,52879,72222,55012,36865,23802,17256,17007,9155,11588,3957,3395,1590,2676,1415,1123,1062,371,136,95,89,65,60,29,26,23,1,2770017
49c69ba2507c794cdecaa8834b9b6217c77988a4,refs/tags/v14.1.0,14.1.0,1476531,473732,230207,158462,102157,93753,52879,74564,64547,38019,23964,19605,17364,9251,11708,3823,3619,1590,2676,1415,1247,1087,371,136,95,89,65,60,29,26,24,1,2863100
815e83e645117e80acfd80355c685d07d3d02700,refs/tags/v14.1.1,14.1.1,1476909,473656,230554,158700,138350,94290,52879,74625,64680,38053,23966,19625,17368,9251,11708,3823,3628,1590,2676,1415,1247,1087,371,136,95,89,65,60,29,26,24,1,2900980
59fc9c27bec92cd61d2e293b2fa4fde3a18fa14a,refs/tags/v14.2.0,14.2.0,1476560,473948,230611,158704,138352,94337,52879,74489,64680,38071,23966,19627,17368,9251,11708,3823,3628,1590,2676,1415,1247,1087,371,136,95,89,65,60,29,26,24,1,2900917
105ac029eedfc09964dfc6ca0d73cfef21125284,refs/tags/v14.2.1,14.2.1,1477883,474152,231011,158664,142377,95190,52879,74988,64680,38470,23945,19727,17368,9251,11708,3823,3738,1590,2676,1415,1247,1087,371,136,95,89,65,60,29,26,24,1,2908769
24879f36b2540c6c5b54854acb64e57d9fcb9c81,refs/tags/v14.2.10,14.2.10,1487770,476462,239319,160156,145666,100158,52879,76405,65034,39140,24385,20470,17913,9262,11808,3823,3778,1590,2676,851,1213,1116,371,136,95,89,65,60,29,26,24,1,2942774
a6ec4fd479c8840c8c8616bcb1585fcf9baf45f7,refs/tags/v14.2.11,14.2.11,1490141,476819,239464,160590,145666,100292,52879,76802,63474,39306,24361,20479,17952,9262,11808,3992,3778,1590,2676,851,1213,1116,371,136,95,89,65,60,29,26,24,1,2945411
430b6ea221f1b57554a35f503a7412917fb94f8e,refs/tags/v14.2.12,14.2.12,1491071,476882,240245,160636,137278,100348,52879,76609,63474,39286,24309,20485,17967,9262,11808,3992,3778,1590,2676,851,1213,1116,371,136,95,89,65,60,29,26,24,1,2938655
ec3ac035b48b0440d2ccddaa110145a28ee7e078,refs/tags/v14.2.13,14.2.13,1491090,476882,239396,160618,137278,100352,52879,76609,63474,39235,24314,20485,17967,9262,11808,4010,3778,1590,2676,851,1213,1116,371,136,95,89,65,60,29,26,24,1,2937783
27ede68884edb6ce6a5289cc85710c5edf919217,refs/tags/v14.2.14,14.2.14,1491110,476504,239397,160618,137278,100342,52879,76621,63474,39239,24314,20495,17967,9262,11808,4010,3778,1590,2676,851,1213,1116,371,136,95,89,65,60,29,26,24,1,2937442
4844451427e8b134fd2fd676d194d5f6d42331f2,refs/tags/v14.2.15,14.2.15,1491133,476504,239530,160618,137278,100342,52879,76621,63474,39280,24314,20495,17967,9262,11808,4010,3778,1590,2676,851,1213,1116,371,136,95,89,65,60,29,26,24,1,2937639
4bc3c768c4af8a7b840a566e3ce00acc603cbd09,refs/tags/v14.2.16,14.2.16,1491133,476504,239666,160618,137278,100342,52879,76621,63474,39280,24314,20495,17967,9262,11808,4010,3778,1590,2676,851,1213,1116,371,136,95,89,65,60,29,26,24,1,2937775
26432bc06e2564c70a571699e67244816a0949d3,refs/tags/v14.2.17,14.2.17,1491513,476018,240631,160635,137278,100494,52879,76605,62665,39302,24330,20513,17979,9262,11816,4010,3778,1590,2676,851,1213,1117,371,136,95,89,65,60,29,26,24,1,2938055
a2b1c2d0de2d8e9e9dde0414b4d6cee7b6eb611c,refs/tags/v14.2.18,14.2.18,1491513,476018,240742,160635,137278,100494,52879,76605,62665,39274,24330,20513,17979,9262,11816,4010,3778,1590,2676,851,1213,1117,371,136,95,89,65,60,29,26,24,1,2938138
c4693f4068fb7a9842e90ce1a95108632dc970c1,refs/tags/v14.2.19,14.2.19,1491513,476018,240742,160635,137278,100494,52879,76605,62665,39274,24330,20513,17979,9262,11816,4010,3778,1590,2676,851,1213,1117,371,136,95,89,65,60,29,26,24,1,2938138
23047a15877209425604be855765c5dc17c9398c,refs/tags/v14.2.2,14.2.2,1479944,474418,232810,158844,135449,95999,52879,75283,67219,38614,23937,19857,17411,9251,11710,3823,3769,1590,2676,1415,1247,1092,371,136,95,89,65,60,29,26,24,1,2910137
748f1a8897db2e490157161a59140334af6da533,refs/tags/v14.2.20,14.2.20,1491711,476061,240742,160676,137278,100494,52879,76606,62665,39274,24330,20513,17979,9262,11816,4010,3778,1590,2676,851,1213,1117,371,136,95,89,65,60,29,26,24,1,2938421
ff35c55a1ac58394bfa337ca4bf3fb5dde861b82,refs/tags/v14.2.21,14.2.21,1491715,476061,240723,160676,137278,100489,52879,76606,62665,39274,24330,20512,17979,9262,11816,4010,3778,1590,2676,851,1213,1117,371,136,95,89,65,60,29,26,24,1,2938400
39f3e03d339fccb95bcf79aebd5ad6e0dc87e0ff,refs/tags/v14.2.22,14.2.22,1492343,476153,242610,160738,137278,100563,52879,76292,61811,40044,24370,20540,17993,9262,11816,4010,3782,1590,2676,851,1213,1117,371,136,95,89,65,60,29,26,24,1,2940831
8dce7fae6d68eb1046b32ac64b2e91d7a9262b4b,refs/tags/v14.2.3,14.2.3,1481221,474501,234177,158889,130918,98591,52879,75335,66871,38319,24194,20201,17478,9251,11710,3823,3775,1590,2676,851,1247,1095,371,136,95,89,65,60,29,26,24,1,2910492
eb89302763635900f0dbf0ff653b58421a030858,refs/tags/v14.2.4,14.2.4,1481221,474501,233970,158889,130918,98591,52879,75359,66871,38319,24194,20201,17478,9251,11710,3823,3775,1590,2676,851,1247,1095,371,136,95,89,65,60,29,26,24,1,2910309
22a66687b9eaa67cde5203fb4b8b3ba552be1a3c,refs/tags/v14.2.5,14.2.5,1484787,475933,237987,159687,139306,99188,52879,76170,65126,38463,24272,20401,17580,9261,11837,3823,3778,1590,2676,851,1213,1106,371,136,95,89,65,60,29,26,24,1,2928814
53bf9c8f6f1a71d485b43a4df073838cdbac40ea,refs/tags/v14.2.6,14.2.6,1484789,475933,237987,159687,139306,99188,52879,76170,65126,38463,24272,20401,17580,9261,11837,3823,3778,1590,2676,851,1213,1106,371,136,95,89,65,60,29,26,24,1,2928816
5511c1d5c564f3e27f0cac7cb9f9402613a418fd,refs/tags/v14.2.7,14.2.7,1484788,475933,237992,159687,139306,99188,52879,76170,65126,38463,24272,20401,17580,9261,11837,3823,3778,1590,2676,851,1213,1106,371,136,95,89,65,60,29,26,24,1,2928820
fff82e60458719ca62dff3b2645a7cac5214f8d6,refs/tags/v14.2.8,14.2.8,1485295,475889,240441,160002,145666,99481,52879,76408,65116,38737,24375,20416,17604,9262,11808,3823,3778,1590,2676,851,1213,1110,371,136,95,89,65,60,29,26,24,1,2939320
364ac20434559c6a2a3747e26df203b5513451b6,refs/tags/v14.2.9,14.2.9,1485346,475893,240441,160002,145666,99481,52879,76408,65116,38737,24375,20416,17604,9262,11808,3823,3778,1590,2676,851,1213,1110,371,136,95,89,65,60,29,26,24,1,2939375
9eeee629f4b8c80793e9dcf3aded51c21be59a55,refs/tags/v15.0.0,15.0.0,1474810,471087,231062,160966,142379,95258,52879,74813,64718,38286,23906,19687,17370,9263,11707,3823,3738,1590,2676,1415,1188,1087,372,136,95,89,65,60,29,26,24,1,2904609
d44aca610390977f1d7a7c429b637ec1af1dd93e,refs/tags/v15.1.0,15.1.0,1493695,472218,252535,163792,142217,108405,52884,75771,69151,38339,25292,21478,18373,9283,10299,3702,3688,1590,2676,851,1135,1162,368,136,95,89,65,60,29,26,5,1,2969414
7d027ea1d2245a08c82d6442e28a2c9b0f2b2b26,refs/tags/v15.1.1,15.1.1,1492308,468059,257168,165095,142217,110884,52884,76262,70627,38194,25406,21933,18513,9285,10306,3803,3746,1590,2676,851,1125,1160,368,136,95,93,65,60,29,26,5,1,2974974
344eb322a84a69151f2fd10e98e03171d0b49616,refs/tags/v15.2.0,15.2.0,1491628,467811,257650,165385,142217,110975,52884,76078,70608,38188,25389,21821,18513,9285,10306,3803,3719,1590,2676,851,1125,1160,368,136,95,89,65,60,29,26,5,1,2974540
9a9dc31b4edabc0c47da3ecb569c74905d9e819d,refs/tags/v15.2.1,15.2.1,1491739,467820,257987,169254,142217,111164,52884,76034,69440,38164,25389,21822,18513,9285,10306,3803,3719,1590,2676,851,1125,1160,370,136,95,89,65,60,29,26,5,1,2977822
eec2ba570065b36c525d6a78f2710dd2942f08d6,refs/tags/v15.2.10,15.2.10,1488822,467415,265170,170319,149552,114537,52884,75444,67611,35708,25249,22628,18966,9218,10306,3896,3856,1590,2676,851,1125,1083,369,136,95,89,65,82,29,26,5,1,2989807
d0ad7badc11adc30ff6a5752fc8f3d52739c0406,refs/tags/v15.2.11,15.2.11,1488777,467340,265177,170366,149552,114537,52884,75445,67611,35716,25249,22628,18966,9218,10306,3896,3856,1590,2676,851,1125,1083,369,136,95,89,65,82,29,26,5,1,2989750
2ee642c15d5fa78665bf37bc1fefacd827842aae,refs/tags/v15.2.12,15.2.12,1488921,467340,265158,170366,149552,114532,52884,75445,67611,35716,25249,22627,18966,9218,10306,3896,3856,1590,2676,851,1125,1083,369,136,95,89,65,82,29,26,5,1,2989869
defda2e2c145fa038d5e178ea62e2b261658b9f4,refs/tags/v15.2.13,15.2.13,1487079,467086,265233,170269,149552,114438,52884,74335,67611,35734,25272,22673,18979,9218,10314,3896,3869,1590,2676,851,1125,1083,369,136,95,89,65,82,29,26,5,1,2986668
b3d08154d8c02033ca2272e2d433334eb3543fac,refs/tags/v15.2.2,15.2.2,1492780,467722,259064,169655,152801,111390,52884,76065,69664,38464,25410,21843,18624,9285,10306,3803,3719,1590,2676,851,1125,1174,370,136,95,89,65,60,29,26,5,1,2991775
687c3772770f1ce06b0b67e7b00f0c35b9336404,refs/tags/v15.2.3,15.2.3,1492780,467722,259064,169655,152801,111390,52884,76065,69664,38464,25410,21843,18624,9285,10306,3803,3719,1590,2676,851,1125,1174,370,136,95,89,65,60,29,26,5,1,2991775
5d493eb8c81dde3cc2f4d58851e0de29f16262a5,refs/tags/v15.2.4,15.2.4,1487950,467706,258253,169983,152801,112094,52884,76353,68728,38421,25381,22152,18624,9218,10306,3875,3808,1590,2676,851,1125,1178,370,136,95,89,65,60,29,26,5,1,2986837
a5a463dde6d49e2a8612c54ef5444f85b70f5300,refs/tags/v15.2.5,15.2.5,1489737,467677,261900,170476,152801,112820,52884,76550,67303,38203,25352,22138,18659,9218,10306,3878,3820,1590,2676,851,1125,1080,370,136,95,89,65,82,29,26,5,1,2991946
995755a04fdd5264177ce88cc0425f263a104109,refs/tags/v15.2.6,15.2.6,1489752,467443,261900,170476,152801,112820,52884,76550,67303,38203,25352,22138,18659,9218,10306,3878,3820,1590,2676,851,1125,1080,370,136,95,89,65,82,29,26,5,1,2991727
01f5a49d681cdea22cbf4867468c7b0618f3a611,refs/tags/v15.2.7,15.2.7,1489754,467443,261900,170476,152801,112820,52884,76550,67303,38203,25352,22138,18659,9218,10306,3878,3820,1590,2676,851,1125,1080,370,136,95,89,65,82,29,26,5,1,2991729
3a20f83a7ccfb143247ec934ae6097f2938f897e,refs/tags/v15.2.8,15.2.8,1489356,468064,263322,170039,152801,113136,52884,75889,68420,38033,25231,22147,18677,9218,10306,3896,3865,1590,2676,851,1125,1083,369,136,95,89,65,82,29,26,5,1,2993510
89eb22fbb30f014d5562dd97e7ab87d007971bd2,refs/tags/v15.2.9,15.2.9,1488583,467515,264461,170301,152801,114508,52884,75575,67611,38051,25246,22627,18677,9218,10306,3896,3856,1590,2676,851,1125,1083,369,136,95,89,65,82,29,26,5,1,2994342
3883cc61f248caaadaee20f872997f890395fcb3,refs/tags/v16.0.0,16.0.0,1486302,464612,257673,165464,142217,111147,52884,73220,69440,38198,25439,21822,18513,9285,10306,3803,3719,1590,2676,851,1125,1167,368,136,95,89,65,60,29,26,5,1,2962331
80277d460a2718ed305fb6732ed41062392255bf,refs/tags/v16.1.0,16.1.0,1361336,430683,250700,162297,85613,71791,52884,67879,71587,43959,23669,15784,15956,9111,8171,4027,2358,1590,1587,851,1054,1155,435,136,95,89,65,60,29,26,3,1,2684985
f8563c012033d02b136e1462d634df57b605c7a5,refs/tags/v16.2.0,16.2.0,1314872,421493,247216,161696,82364,70289,52884,65660,70989,44114,23465,14864,15993,9111,7914,4073,2308,1590,1587,851,1054,1209,438,136,95,89,65,60,29,26,3,1,2616542
d5c7864777d22487b54fcb77f9c81e7bf7aad807,refs/tags/v16.2.1,16.2.1,1313646,420352,247223,161743,82364,70289,52884,65661,70989,44072,23465,14864,15993,9111,7914,4073,2308,1590,1587,851,1054,1209,438,136,95,89,65,60,29,26,3,1,2614188
b21b11c8e9ad7bff012181376e52f9a032214c17,refs/tags/v16.2.2,16.2.2,1312463,420655,244112,160561,82364,69296,52884,65669,70989,43923,23307,14719,15993,9111,7914,4073,2288,1590,1587,851,1054,1209,438,136,95,89,65,60,29,26,3,1,2607558
845b2029391f549239a01f92b07676a9fc414ba2,refs/tags/v16.2.3,16.2.3,1312463,420655,244114,160561,82364,69296,52884,65669,70989,43923,23307,14719,15993,9111,7914,4073,2288,1590,1587,851,1054,1209,438,136,95,89,65,60,29,26,3,1,2607560
c0e8b42c3b87dc21b35b32cc9f5b6e4531f13a71,refs/tags/v16.2.4,16.2.4,1312607,420655,244090,160561,82364,69291,52884,65669,70989,43923,23307,14718,15993,9111,7914,4073,2288,1590,1587,851,1054,1209,438,136,95,89,65,60,29,26,3,1,2607674
3524f21a84ec888a2824a8d4ba037eac2cf0d9c7,refs/tags/v17.0.0,17.0.0,1362048,432430,252255,162297,85613,71791,52884,67879,71587,43894,23680,15784,15956,9111,8171,4027,2358,1590,1587,851,1054,1160,435,136,95,89,65,60,29,26,3,1,2688950
f01fe28998b3165273ee857206080cdc5cab2b8a,refs/tags/v9.0.0,9.0.0,1160877,397709,161619,127395,82364,60270,52619,62908,41286,28557,18665,12010,10812,9257,16213,5758,1929,2834,11472,5863,1074,816,4675,136,95,89,130,60,29,26,3,2,2279566
bd85c9189ae268e4e6581fba6b4b53dffa9cf20f,refs/tags/v9.0.1,9.0.1,1165631,398334,161631,127432,82364,60270,52619,63139,41286,28557,18673,12010,10812,9257,13368,5758,1929,2834,11472,5863,1074,816,4709,136,95,89,130,60,29,26,3,2,2282460
0331c6bc44bd39845d9c78f518a45b79f7670df8,refs/tags/v9.0.2,9.0.2,1169930,398681,162549,127763,82364,60270,52619,63436,41286,28557,18769,11966,10812,9189,13372,5663,1929,2834,11472,4166,1068,842,4809,136,95,89,130,60,29,26,37,2,2287048
f06e1d60231df90d176cef98d3ae8c77cd2c0edd,refs/tags/v9.0.3,9.0.3,1172961,399477,162658,128165,82426,60270,52619,63551,41286,28557,18784,11966,10812,9189,13238,5659,1929,2834,11472,4166,1068,857,4844,136,95,89,130,60,29,26,37,2,2291500
fab3ffcb351390a588dad522c106d2ea50b8e44a,refs/tags/v9.1.0,9.1.0,1184218,403121,164328,128572,82426,60270,52619,63766,41286,28557,19049,11966,10812,9189,13250,5659,1929,2825,11221,4166,1080,860,5273,136,95,89,130,60,29,26,37,1,2309206
9fdc77a73ff32c51a6ec3d22e0804c05d5f18b1f,refs/tags/v9.2.0,9.2.0,1184781,403318,164328,128654,82426,60270,52619,63745,41286,28557,19056,11966,10812,9189,13262,5659,1929,2825,11221,4166,1080,860,5251,136,95,89,130,60,29,26,37,1,2310023
0de8e85a67c001faf90a160ca7f4c53da6bd239c,refs/tags/v9.2.1,9.2.1,1185081,403443,164422,128654,82426,60270,52619,63939,41286,28557,19057,11966,10812,9189,13269,5580,1929,2825,11221,4166,1080,860,5255,136,95,89,130,60,29,26,37,1,2310669
